rollback;
BEGIN;

-- 1. Utilizadores
-- Utilizadores
INSERT INTO Utilizador (username, premium, email, password, foto) VALUES
                                                                      ('Blake', FALSE, 'blake@mail.com', '$2b$12$p8F8xLRcKmDm3Z8DGfvcweUmsmE7tKtu7/G7BgqaXPZxoqgLp/S2S', 'uploads/fotos/user1.jpg'),
                                                                      ('Caron', FALSE, 'caron@mail.com', '$2b$12$cg0HIsaxlj1OOB.WS5BK0umaklgQCA5Bu4pz8yHSoONdvVBAT5p6O', 'uploads/fotos/user2.jpg'),
                                                                      ('Dorian', FALSE, 'dorian@mail.com', '$2b$12$GRQ8PlIhzLQ6HiP./hI3/Oyyn.7hHwoXiXadfMo0jTeV2bc4XwIrC', 'uploads/fotos/user3.jpg'),
                                                                      ('Elara', FALSE, 'elara@mail.com', '$2b$12$7ISbX7V7.PgfyOMiB.fPy.KKrGMGZIWOd5wC5pkknsRNYBcAIgEdy', 'uploads/fotos/user4.jpg'),
                                                                      ('Finnian', FALSE, 'finnian@mail.com', '$2b$12$ykzB8jBWeFJfTtad/cSl1OpqlJvBUkZaRYy0/nypQODC7jZQj1evy', 'uploads/fotos/user5.jpg'),
                                                                      ('Gael', FALSE, 'gael@mail.com', '$2b$12$xadbi3fsWVlxDA80X0Vxhen3Mc0d45BN7iZqW7UoId2jPs/iVAdWK', 'uploads/fotos/user6.jpg'),
                                                                      ('Halston', FALSE, 'halston@mail.com', '$2b$12$LbX5AU2hWhgYYaquTNlUyuUM0Rz4dgG2YfIqw256gyJalr1DYlSoS', 'uploads/fotos/user7.jpg'),
                                                                      ('Isolde', FALSE, 'isolde@mail.com', '$2b$12$0LVH4r.L5VLkxYIkSaYkGuGYMMc5IW4IYuWs97gXqadV1w7yNnYBm', 'uploads/fotos/user8.jpg'),
                                                                      ('Jareth', FALSE, 'jareth@mail.com', '$2b$12$MUcUenhgnYW1kUW0/FMxWuD9SR7m09L7nRcuhamQhH6osfE4tVCa6', 'uploads/fotos/user9.jpg'),
                                                                      ('Kaelin', FALSE, 'kaelin@mail.com', '$2b$12$8eTRNve8TLo9kNfZHJs5yuQtijOKWJNB8iOLjBpsMTKwgN0YjVWAO', 'uploads/fotos/user10.jpg'),
                                                                      ('Lirien', FALSE, 'lirien@mail.com', '$2b$12$sdITOScCg3W4Q0SaQM6iP.LE1ojhm7dscIrGSnCmF9Yw41aoG2Oiu', 'uploads/fotos/user11.jpg'),
                                                                      ('Mirek', FALSE, 'mirek@mail.com', '$2b$12$dMg01Oqfm9XsVsn42xcWAOanpEtb41KtQmc/w42r.V7P6w6hPrBr6', 'uploads/fotos/user12.jpg'),
                                                                      ('Nyssa', FALSE, 'nyssa@mail.com', '$2b$12$PN280CNnjeQEmvhEDIZ1E.tcE3MozJDxsoJ9xqJZIdvQie9OjBYpm', 'uploads/fotos/user13.jpg'),
                                                                      ('Orion', FALSE, 'orion@mail.com', '$2b$12$1Ra/7DSUH4LIZCLiQ3r9lOM00BOKg/./NdojQwsuTxV6pYZAMMBbe', 'uploads/fotos/user14.jpg'),
                                                                      ('Phaedra', FALSE, 'phaedra@mail.com', '$2b$12$a6GsIQNm30h1punCjYPaKeDNoycl/cWrVINHVdRo1Wqmaw3IjbSIe', 'uploads/fotos/user15.jpg'),
                                                                      ('Quillon', FALSE, 'quillon@mail.com', '$2b$12$ZukbB2MU0qIVI4FPr9G32O9a6AN9xQkHzo9QHyPZBuO7JiAI4z2ii', 'uploads/fotos/user16.jpg'),
                                                                      ('Riven', FALSE, 'riven@mail.com', '$2b$12$WY3e05nAbDNZW4LmBoAtlOcRDjZJXUxJ7EL0X1KWaIcZQRVEpJEvu', 'uploads/fotos/user17.jpg'),
                                                                      ('Sylas', FALSE, 'sylas@mail.com', '$2b$12$JGeM8OSku2jn7qcviEWX4O7bdd0T2SvXyYmv9hv0tnX/GBugcxiI6', 'uploads/fotos/user18.jpg'),
                                                                      ('Thalia', FALSE, 'thalia@mail.com', '$2b$12$.pLeIv/Wmkq12DccxI9M1egtoQxuFy1G2XoV.fdDpBlGgR4vd86Sq', 'uploads/fotos/user19.jpg'),
                                                                      ('Ulric', FALSE, 'ulric@mail.com', '$2b$12$xPeALBe1OkzbWwcDQHpq.uR3lqnRkgW8IusDJzdjJsfnvWrS1nHdO', 'uploads/fotos/user20.jpg'),
                                                                      ('Vesper', FALSE, 'vesper@mail.com', '$2b$12$d9x/vnYpLJdZWsnn9AHkr.VEncMxVlcAFhotOhQnWkVeq6iP8JjeW', 'uploads/fotos/user21.jpg'),
                                                                      ('Wren', FALSE, 'wren@mail.com', '$2b$12$0PstNPXNOtvbGfm683RlJelrp1HftFZyOZu2V4bJHoOImf4DRtCRi', 'uploads/fotos/user22.jpg'),
                                                                      ('Xavian', FALSE, 'xavian@mail.com', '$2b$12$YKPsy63H3ERghXPie.4YZet1PQd2Pv6gwnBNSxou5G7vtyjCThXvu', 'uploads/fotos/user23.jpg'),
                                                                      ('Ysolde', FALSE, 'ysolde@mail.com', '$2b$12$DlLat5Dqoz8G8likiAbfYu6ybq4VbZ9Z3BGyPislC1L7ZbzUyVxr.', 'uploads/fotos/user24.jpg'),
                                                                      ('Zarek', FALSE, 'zarek@mail.com', '$2b$12$mXvk0WbmES3qtLeFg83JWuTvZBOT5C1QpQTSkvQwpJQX/Cl6tJ/pO', 'uploads/fotos/user25.jpg'),
                                                                      ('Aveline', FALSE, 'aveline@mail.com', '$2b$12$vEQenI2odj87NjlDRZiFI.g1No7EcaBpfkA6Cmlp7rV9jE8PHk7D2', 'uploads/fotos/user26.jpg'),
                                                                      ('Bastian', FALSE, 'bastian@mail.com', '$2b$12$/i8TMx1MrYFUcU7j2mW8eeSVnPhhA5wOGbXpWzbuORDBfsWcx.zdi', 'uploads/fotos/user27.jpg'),
                                                                      ('Caelum', FALSE, 'caelum@mail.com', '$2b$12$EgYeKeGewG3yEQJkEgDH1OVIM3LozUi9JBp6CT/02VW7NwdUOagk.', 'uploads/fotos/user28.jpg'),
                                                                      ('Delwyn', FALSE, 'delwyn@mail.com', '$2b$12$YUazZ7UUmXUpU3skQNReqeo513a0f3q9COjwoKuT/ltke5l0cfdo2', 'uploads/fotos/user29.jpg'),
                                                                      ('Emric', FALSE, 'emric@mail.com', '$2b$12$Ao3VEBGJ1dQ8WCazjNfzrukfW1yDSvB01FFEiOjNV1rblgVhPy9X2', 'uploads/fotos/user30.jpg'),
                                                                      ('Freya', FALSE, 'freya@mail.com', '$2b$12$I7bSEtR15eoUg4he.3ILH.ag/ZPMqwiWf3QvHOFc007Bs7YiEvB.O', 'uploads/fotos/user31.jpg'),
                                                                      ('Gideon', FALSE, 'gideon@mail.com', '$2b$12$MVLOdwIlZou/52Mp8D.TgO8egQ55GSAFDYIe2ndYUEC8bzDJsWm/G', 'uploads/fotos/user32.jpg'),
                                                                      ('Helena', FALSE, 'helena@mail.com', '$2b$12$2mW7hC5JJ6CaDmxr98jGFOw4cFr0pDGUxu7rsM8x/h8p79O7D.7Ke', 'uploads/fotos/user33.jpg'),
                                                                      ('Ivar', FALSE, 'ivar@mail.com', '$2b$12$4bj1suBuiD2yvj7TlsEdbO67GO5z2lsVICPmmv04BAAWMCWZr4CKu', 'uploads/fotos/user34.jpg'),
                                                                      ('Juno', FALSE, 'juno@mail.com', '$2b$12$9.Qd9SGv8y.7Kb36aAXiyu08gS5AoiXrFnQlBD20foyMWe6AeleSu', 'uploads/fotos/user35.jpg'),
                                                                      ('Kieran', FALSE, 'kieran@mail.com', '$2b$12$g7N8pGKyEBHKveGLZWMOz.cuDjo4d1hlsMb125/Qnvdksw6JpvlsG', 'uploads/fotos/user36.jpg'),
                                                                      ('Lyra', FALSE, 'lyra@mail.com', '$2b$12$uMaxs1fpan2.LygAK3eZNe3bwKJWwFOCVZ4jg9IJ6Dq4vEcB0NQAm', 'uploads/fotos/user37.jpg'),
                                                                      ('Malric', FALSE, 'malric@mail.com', '$2b$12$0aJMJzNL2W7LZBKA1CvqvutMbU5c.RYnGRcaUBR/bD45SgmOenIy2', 'uploads/fotos/user38.jpg'),
                                                                      ('Nerys', FALSE, 'nerys@mail.com', '$2b$12$XHVhmFeTjzG.lC1Ogb.uA.B7NGRhCs3E3vI5ez/klnGv6YUGzPGx.', 'uploads/fotos/user39.jpg'),
                                                                      ('Oberon', FALSE, 'oberon@mail.com', '$2b$12$jkKVvFXs6PQNin1HVpcc/.cSr/dTbCTI7OUo9ZnrC0HOU5lABAJim', 'uploads/fotos/user40.jpg'),
                                                                      ('Perin', FALSE, 'perin@mail.com', '$2b$12$4r6Yue4Hm/H50PpCsprnqOdu3dZN5i0DxB.5bambjUlxLFeDKdbfK', 'uploads/fotos/user41.jpg'),
                                                                      ('Quinn', FALSE, 'quinn@mail.com', '$2b$12$G9fAvvr2scdIwVoglfBdKOkuMjp/ls.MYDq7OGoofG9mGOJoCRz7.', 'uploads/fotos/user42.jpg'),
                                                                      ('Rowan', FALSE, 'rowan@mail.com', '$2b$12$caGi3T6dM5K8IhO1BGJBTeAt33DXPWxHVmBMd5OEu7ioXqWkm0yca', 'uploads/fotos/user43.jpg'),
                                                                      ('Seraphine', FALSE, 'seraphine@mail.com', '$2b$12$saPSFZIzqcFW6kkGXWF5vuOu.W0EHHQ9pCLc0Gn4zD1IOIA4C3quq', 'uploads/fotos/user44.jpg'),
                                                                      ('Torin', FALSE, 'torin@mail.com', '$2b$12$jaE3zzb9gpKsdJrwGhrPKulv.WoI2osBbGS586ZNdbpPaYokLJBDm', 'uploads/fotos/user45.jpg'),
                                                                      ('Umber', FALSE, 'umber@mail.com', '$2b$12$TD3gnCW67P/O72OFcK8GhefjK7DCNDHg/J6e4XzLbN49KcBxu08PG', 'uploads/fotos/user46.jpg'),
                                                                      ('Valko', FALSE, 'valko@mail.com', '$2b$12$lLSWlPqO2dbcoUtnugb6XeZhrYtW9YPXNmMKGq4uVf.kbiKOOqwQi', 'uploads/fotos/user47.jpg'),
                                                                      ('Winry', FALSE, 'winry@mail.com', '$2b$12$0gf0S3BAIJAz9p9YcB3REeLCijXleEpQRutJHS4WAN8O/pEUEDwVG', 'uploads/fotos/user48.jpg'),
                                                                      ('Xanthe', FALSE, 'xanthe@mail.com', '$2b$12$3iWwuNkiNg1YMlItPfpuierFtbir/yck2.KMlvchTH3PnD4LNBX8S', 'uploads/fotos/user49.jpg'),
                                                                      ('Yorick', FALSE, 'yorick@mail.com', '$2b$12$SDOhPeiXDnUnheL8JfUrh.nE59uhQAv3C/qs1H.fZ/JfNBwmw6/CK', 'uploads/fotos/user50.jpg');

-- Utilizador_Settings
INSERT INTO Utilizador_Settings (username, linguagem, tema, autoplay, playlists_ativas, compartilhar_atividade, mostrar_artistas_recentemente, mostrar_listas_publicas) VALUES
                                                                                                                                                                            ('Blake', 'en', 'day', FALSE, TRUE, FALSE, FALSE, FALSE),
                                                                                                                                                                            ('Caron', 'en', 'day', FALSE, TRUE, FALSE, FALSE, FALSE),
                                                                                                                                                                            ('Dorian', 'en', 'day', FALSE, TRUE, FALSE, FALSE, FALSE),
                                                                                                                                                                            ('Elara', 'en', 'day', FALSE, TRUE, FALSE, FALSE, FALSE),
                                                                                                                                                                            ('Finnian', 'en', 'day', FALSE, TRUE, FALSE, FALSE, FALSE),
                                                                                                                                                                            ('Gael', 'en', 'day', FALSE, TRUE, FALSE, FALSE, FALSE),
                                                                                                                                                                            ('Halston', 'en', 'day', FALSE, TRUE, FALSE, FALSE, FALSE),
                                                                                                                                                                            ('Isolde', 'en', 'day', FALSE, TRUE, FALSE, FALSE, FALSE),
                                                                                                                                                                            ('Jareth', 'en', 'day', FALSE, TRUE, FALSE, FALSE, FALSE),
                                                                                                                                                                            ('Kaelin', 'en', 'day', FALSE, TRUE, FALSE, FALSE, FALSE),
                                                                                                                                                                            ('Lirien', 'en', 'day', FALSE, TRUE, FALSE, FALSE, FALSE),
                                                                                                                                                                            ('Mirek', 'en', 'day', FALSE, TRUE, FALSE, FALSE, FALSE),
                                                                                                                                                                            ('Nyssa', 'en', 'day', FALSE, TRUE, FALSE, FALSE, FALSE),
                                                                                                                                                                            ('Orion', 'en', 'day', FALSE, TRUE, FALSE, FALSE, FALSE),
                                                                                                                                                                            ('Phaedra', 'en', 'day', FALSE, TRUE, FALSE, FALSE, FALSE),
                                                                                                                                                                            ('Quillon', 'en', 'day', FALSE, TRUE, FALSE, FALSE, FALSE),
                                                                                                                                                                            ('Riven', 'en', 'day', FALSE, TRUE, FALSE, FALSE, FALSE),
                                                                                                                                                                            ('Sylas', 'en', 'day', FALSE, TRUE, FALSE, FALSE, FALSE),
                                                                                                                                                                            ('Thalia', 'en', 'day', FALSE, TRUE, FALSE, FALSE, FALSE),
                                                                                                                                                                            ('Ulric', 'en', 'day', FALSE, TRUE, FALSE, FALSE, FALSE),
                                                                                                                                                                            ('Vesper', 'en', 'day', FALSE, TRUE, FALSE, FALSE, FALSE),
                                                                                                                                                                            ('Wren', 'en', 'day', FALSE, TRUE, FALSE, FALSE, FALSE),
                                                                                                                                                                            ('Xavian', 'en', 'day', FALSE, TRUE, FALSE, FALSE, FALSE),
                                                                                                                                                                            ('Ysolde', 'en', 'day', FALSE, TRUE, FALSE, FALSE, FALSE),
                                                                                                                                                                            ('Zarek', 'en', 'day', FALSE, TRUE, FALSE, FALSE, FALSE),
                                                                                                                                                                            ('Aveline', 'en', 'day', FALSE, TRUE, FALSE, FALSE, FALSE),
                                                                                                                                                                            ('Bastian', 'en', 'day', FALSE, TRUE, FALSE, FALSE, FALSE),
                                                                                                                                                                            ('Caelum', 'en', 'day', FALSE, TRUE, FALSE, FALSE, FALSE),
                                                                                                                                                                            ('Delwyn', 'en', 'day', FALSE, TRUE, FALSE, FALSE, FALSE),
                                                                                                                                                                            ('Emric', 'en', 'day', FALSE, TRUE, FALSE, FALSE, FALSE),
                                                                                                                                                                            ('Freya', 'en', 'day', FALSE, TRUE, FALSE, FALSE, FALSE),
                                                                                                                                                                            ('Gideon', 'en', 'day', FALSE, TRUE, FALSE, FALSE, FALSE),
                                                                                                                                                                            ('Helena', 'en', 'day', FALSE, TRUE, FALSE, FALSE, FALSE),
                                                                                                                                                                            ('Ivar', 'en', 'day', FALSE, TRUE, FALSE, FALSE, FALSE),
                                                                                                                                                                            ('Juno', 'en', 'day', FALSE, TRUE, FALSE, FALSE, FALSE),
                                                                                                                                                                            ('Kieran', 'en', 'day', FALSE, TRUE, FALSE, FALSE, FALSE),
                                                                                                                                                                            ('Lyra', 'en', 'day', FALSE, TRUE, FALSE, FALSE, FALSE),
                                                                                                                                                                            ('Malric', 'en', 'day', FALSE, TRUE, FALSE, FALSE, FALSE),
                                                                                                                                                                            ('Nerys', 'en', 'day', FALSE, TRUE, FALSE, FALSE, FALSE),
                                                                                                                                                                            ('Oberon', 'en', 'day', FALSE, TRUE, FALSE, FALSE, FALSE),
                                                                                                                                                                            ('Perin', 'en', 'day', FALSE, TRUE, FALSE, FALSE, FALSE),
                                                                                                                                                                            ('Quinn', 'en', 'day', FALSE, TRUE, FALSE, FALSE, FALSE),
                                                                                                                                                                            ('Rowan', 'en', 'day', FALSE, TRUE, FALSE, FALSE, FALSE),
                                                                                                                                                                            ('Seraphine', 'en', 'day', FALSE, TRUE, FALSE, FALSE, FALSE),
                                                                                                                                                                            ('Torin', 'en', 'day', FALSE, TRUE, FALSE, FALSE, FALSE),
                                                                                                                                                                            ('Umber', 'en', 'day', FALSE, TRUE, FALSE, FALSE, FALSE),
                                                                                                                                                                            ('Valko', 'en', 'day', FALSE, TRUE, FALSE, FALSE, FALSE),
                                                                                                                                                                            ('Winry', 'en', 'day', FALSE, TRUE, FALSE, FALSE, FALSE),
                                                                                                                                                                            ('Xanthe', 'en', 'day', FALSE, TRUE, FALSE, FALSE, FALSE),
                                                                                                                                                                            ('Yorick', 'en', 'day', FALSE, TRUE, FALSE, FALSE, FALSE);


-- 3. Categorias
INSERT INTO Categoria (nome_categoria) values
                                           ('Chill'),
                                           ('Classical'),
                                           ('Hip-Hop'),
                                           ('House'),
                                           ('Indie'),
                                           ('Jazz'),
                                           ('Latino'),
                                           ('Metal'),
                                           ('Pop'),
                                           ('Reggae'),
                                           ('Rnb'),
                                           ('Rock');

-- População da tabela Musica (títulos únicos)
INSERT INTO Musica (titulo, username, descricao, dataPublicacao, tipoFicheiro, pathFicheiro, video, foto, visualizacoes) VALUES
                                                                                                                             ('Midnight Flow', 'Blake', 'Midnight Flow - An immersive journey in sound.', '2023-01-06', 'mp3', 'uploads/musicas/chill1.mp3', NULL, 'uploads/fotos/img_001.jpg', 577),
                                                                                                                             ('Midnight Echo', 'Blake', 'Midnight Echo - An immersive journey in sound.', '2023-08-31', 'mp3', 'uploads/musicas/chill2.mp3', NULL, 'uploads/fotos/img_002.jpg', 258),
                                                                                                                             ('Midnight Scape', 'Blake', 'Midnight Scape - An immersive journey in sound.', '2023-08-27', 'mp3', 'uploads/musicas/chill3.mp3', NULL, 'uploads/fotos/img_003.jpg', 160),
                                                                                                                             ('Midnight Pulse', 'Blake', 'Midnight Pulse - An immersive journey in sound.', '2023-01-27', 'mp3', 'uploads/musicas/chill4.mp3', NULL, 'uploads/fotos/img_004.jpg', 530),
                                                                                                                             ('Midnight Drive', 'Blake', 'Midnight Drive - An immersive journey in sound.', '2023-08-28', 'mp3', 'uploads/musicas/chill5.mp3', NULL, 'uploads/fotos/img_005.jpg', 242),
                                                                                                                             ('Midnight Within', 'Blake', 'Midnight Within - An immersive journey in sound.', '2023-08-26', 'mp3', 'uploads/musicas/chill6.mp3', NULL, 'uploads/fotos/img_006.jpg', 865),
                                                                                                                             ('Midnight Bloom', 'Blake', 'Midnight Bloom - An immersive journey in sound.', '2023-04-24', 'mp3', 'uploads/musicas/chill7.mp3', NULL, 'uploads/fotos/img_007.jpg', 221),
                                                                                                                             ('Midnight Lights', 'Blake', 'Midnight Lights - An immersive journey in sound.', '2023-11-14', 'mp3', 'uploads/musicas/chill8.mp3', NULL, 'uploads/fotos/img_008.jpg', 754),
                                                                                                                             ('Midnight Drift', 'Caron', 'Midnight Drift - An immersive journey in sound.', '2023-05-11', 'mp3', 'uploads/musicas/chill9.mp3', NULL, 'uploads/fotos/img_009.jpg', 807),
                                                                                                                             ('Midnight Wave', 'Caron', 'Midnight Wave - An immersive journey in sound.', '2023-11-19', 'mp3', 'uploads/musicas/chill10.mp3', NULL, 'uploads/fotos/img_010.jpg', 889),
                                                                                                                             ('Midnight Tide', 'Caron', 'Midnight Tide - An immersive journey in sound.', '2023-04-29', 'mp3', 'uploads/musicas/chill11.mp3', NULL, 'uploads/fotos/img_011.jpg', 592),
                                                                                                                             ('Midnight Mirage', 'Caron', 'Midnight Mirage - An immersive journey in sound.', '2023-01-13', 'mp3', 'uploads/musicas/chill12.mp3', NULL, 'uploads/fotos/img_012.jpg', 973),
                                                                                                                             ('Midnight Groove', 'Caron', 'Midnight Groove - An immersive journey in sound.', '2023-01-31', 'mp3', 'uploads/musicas/chill13.mp3', NULL, 'uploads/fotos/img_013.jpg', 49),
                                                                                                                             ('Midnight Steps', 'Caron', 'Midnight Steps - An immersive journey in sound.', '2023-08-26', 'mp3', 'uploads/musicas/chill14.mp3', NULL, 'uploads/fotos/img_014.jpg', 535),
                                                                                                                             ('Midnight Sky', 'Caron', 'Midnight Sky - An immersive journey in sound.', '2023-12-18', 'mp3', 'uploads/musicas/chill15.mp3', NULL, 'uploads/fotos/img_015.jpg', 616),
                                                                                                                             ('Midnight Rush', 'Dorian', 'Midnight Rush - An immersive journey in sound.', '2023-07-21', 'mp3', 'uploads/musicas/chill16.mp3', NULL, 'uploads/fotos/img_016.jpg', 732),
                                                                                                                             ('Midnight Calls', 'Dorian', 'Midnight Calls - An immersive journey in sound.', '2023-11-11', 'mp3', 'uploads/musicas/chill17.mp3', NULL, 'uploads/fotos/img_017.jpg', 735),
                                                                                                                             ('Midnight Flight', 'Dorian', 'Midnight Flight - An immersive journey in sound.', '2023-10-17', 'mp3', 'uploads/musicas/chill18.mp3', NULL, 'uploads/fotos/img_018.jpg', 787),
                                                                                                                             ('Midnight Dream', 'Dorian', 'Midnight Dream - An immersive journey in sound.', '2023-11-13', 'mp3', 'uploads/musicas/chill19.mp3', NULL, 'uploads/fotos/img_019.jpg', 976),
                                                                                                                             ('Midnight Storm', 'Dorian', 'Midnight Storm - An immersive journey in sound.', '2023-09-13', 'mp3', 'uploads/musicas/chill20.mp3', NULL, 'uploads/fotos/img_020.jpg', 267),
                                                                                                                             ('Midnight Whispers', 'Dorian', 'Midnight Whispers - An immersive journey in sound.', '2023-07-29', 'mp3', 'uploads/musicas/chill21.mp3', NULL, 'uploads/fotos/img_021.jpg', 103),
                                                                                                                             ('Midnight Vision', 'Elara', 'Midnight Vision - An immersive journey in sound.', '2023-09-06', 'mp3', 'uploads/musicas/chill22.mp3', NULL, 'uploads/fotos/img_022.jpg', 468),
                                                                                                                             ('Midnight Reverie', 'Elara', 'Midnight Reverie - An immersive journey in sound.', '2023-04-11', 'mp3', 'uploads/musicas/chill23.mp3', NULL, 'uploads/fotos/img_023.jpg', 301),
                                                                                                                             ('Midnight Realm', 'Elara', 'Midnight Realm - An immersive journey in sound.', '2023-09-08', 'mp3', 'uploads/musicas/chill24.mp3', NULL, 'uploads/fotos/img_024.jpg', 132),
                                                                                                                             ('Midnight Beat', 'Elara', 'Midnight Beat - An immersive journey in sound.', '2023-05-05', 'mp3', 'uploads/musicas/chill25.mp3', NULL, 'uploads/fotos/img_025.jpg', 65),
                                                                                                                             ('Urban Flow', 'Elara', 'Urban Flow - An immersive journey in sound.', '2023-09-20', 'mp3', 'uploads/musicas/chill26.mp3', NULL, 'uploads/fotos/img_026.jpg', 987),
                                                                                                                             ('Urban Echo', 'Elara', 'Urban Echo - An immersive journey in sound.', '2023-03-24', 'mp3', 'uploads/musicas/chill27.mp3', NULL, 'uploads/fotos/img_027.jpg', 193),
                                                                                                                             ('Urban Scape', 'Elara', 'Urban Scape - An immersive journey in sound.', '2023-05-28', 'mp3', 'uploads/musicas/chill28.mp3', NULL, 'uploads/fotos/img_028.jpg', 896),
                                                                                                                             ('Urban Pulse', 'Elara', 'Urban Pulse - An immersive journey in sound.', '2023-06-17', 'mp3', 'uploads/musicas/chill29.mp3', NULL, 'uploads/fotos/img_029.jpg', 486),
                                                                                                                             ('Urban Drive', 'Finnian', 'Urban Drive - An immersive journey in sound.', '2023-03-16', 'mp3', 'uploads/musicas/chill30.mp3', NULL, 'uploads/fotos/img_030.jpg', 455),
                                                                                                                             ('Urban Within', 'Finnian', 'Urban Within - An immersive journey in sound.', '2023-05-07', 'mp3', 'uploads/musicas/classical1.mp3', NULL, 'uploads/fotos/img_031.jpg', 797),
                                                                                                                             ('Urban Bloom', 'Finnian', 'Urban Bloom - An immersive journey in sound.', '2023-03-28', 'mp3', 'uploads/musicas/classical2.mp3', NULL, 'uploads/fotos/img_032.jpg', 856),
                                                                                                                             ('Urban Lights', 'Finnian', 'Urban Lights - An immersive journey in sound.', '2023-12-26', 'mp3', 'uploads/musicas/classical3.mp3', NULL, 'uploads/fotos/img_033.jpg', 653),
                                                                                                                             ('Urban Drift', 'Finnian', 'Urban Drift - An immersive journey in sound.', '2023-12-12', 'mp3', 'uploads/musicas/classical4.mp3', NULL, 'uploads/fotos/img_034.jpg', 583),
                                                                                                                             ('Urban Wave', 'Gael', 'Urban Wave - An immersive journey in sound.', '2023-10-13', 'mp3', 'uploads/musicas/classical5.mp3', NULL, 'uploads/fotos/img_035.jpg', 534),
                                                                                                                             ('Urban Tide', 'Gael', 'Urban Tide - An immersive journey in sound.', '2023-12-11', 'mp3', 'uploads/musicas/classical6.mp3', NULL, 'uploads/fotos/img_036.jpg', 570),
                                                                                                                             ('Urban Mirage', 'Gael', 'Urban Mirage - An immersive journey in sound.', '2023-10-01', 'mp3', 'uploads/musicas/classical7.mp3', NULL, 'uploads/fotos/img_037.jpg', 376),
                                                                                                                             ('Urban Groove', 'Gael', 'Urban Groove - An immersive journey in sound.', '2023-12-18', 'mp3', 'uploads/musicas/classical8.mp3', NULL, 'uploads/fotos/img_038.jpg', 222),
                                                                                                                             ('Urban Steps', 'Gael', 'Urban Steps - An immersive journey in sound.', '2023-01-24', 'mp3', 'uploads/musicas/classical9.mp3', NULL, 'uploads/fotos/img_039.jpg', 388),
                                                                                                                             ('Urban Sky', 'Halston', 'Urban Sky - An immersive journey in sound.', '2023-11-14', 'mp3', 'uploads/musicas/classical10.mp3', NULL, 'uploads/fotos/img_040.jpg', 999),
                                                                                                                             ('Urban Rush', 'Halston', 'Urban Rush - An immersive journey in sound.', '2023-05-11', 'mp3', 'uploads/musicas/classical11.mp3', NULL, 'uploads/fotos/img_041.jpg', 746),
                                                                                                                             ('Urban Calls', 'Halston', 'Urban Calls - An immersive journey in sound.', '2023-09-23', 'mp3', 'uploads/musicas/classical12.mp3', NULL, 'uploads/fotos/img_042.jpg', 863),
                                                                                                                             ('Urban Flight', 'Halston', 'Urban Flight - An immersive journey in sound.', '2023-09-12', 'mp3', 'uploads/musicas/classical13.mp3', NULL, 'uploads/fotos/img_043.jpg', 658),
                                                                                                                             ('Urban Dream', 'Halston', 'Urban Dream - An immersive journey in sound.', '2023-05-04', 'mp3', 'uploads/musicas/classical14.mp3', NULL, 'uploads/fotos/img_044.jpg', 815),
                                                                                                                             ('Urban Storm', 'Isolde', 'Urban Storm - An immersive journey in sound.', '2023-08-05', 'mp3', 'uploads/musicas/classical15.mp3', NULL, 'uploads/fotos/img_045.jpg', 211),
                                                                                                                             ('Urban Whispers', 'Isolde', 'Urban Whispers - An immersive journey in sound.', '2023-02-01', 'mp3', 'uploads/musicas/classical16.mp3', NULL, 'uploads/fotos/img_046.jpg', 773),
                                                                                                                             ('Urban Vision', 'Isolde', 'Urban Vision - An immersive journey in sound.', '2023-11-12', 'mp3', 'uploads/musicas/classical17.mp3', NULL, 'uploads/fotos/img_047.jpg', 567),
                                                                                                                             ('Urban Reverie', 'Isolde', 'Urban Reverie - An immersive journey in sound.', '2023-11-19', 'mp3', 'uploads/musicas/classical18.mp3', NULL, 'uploads/fotos/img_048.jpg', 56),
                                                                                                                             ('Urban Realm', 'Isolde', 'Urban Realm - An immersive journey in sound.', '2023-08-16', 'mp3', 'uploads/musicas/classical19.mp3', NULL, 'uploads/fotos/img_049.jpg', 145),
                                                                                                                             ('Urban Beat', 'Isolde', 'Urban Beat - An immersive journey in sound.', '2023-01-18', 'mp3', 'uploads/musicas/classical20.mp3', NULL, 'uploads/fotos/img_050.jpg', 397),
                                                                                                                             ('Dream Flow', 'Jareth', 'Dream Flow - An immersive journey in sound.', '2023-06-29', 'mp3', 'uploads/musicas/classical21.mp3', NULL, 'uploads/fotos/img_051.jpg', 349),
                                                                                                                             ('Dream Echo', 'Jareth', 'Dream Echo - An immersive journey in sound.', '2023-06-11', 'mp3', 'uploads/musicas/classical22.mp3', NULL, 'uploads/fotos/img_052.jpg', 269),
                                                                                                                             ('Dream Scape', 'Jareth', 'Dream Scape - An immersive journey in sound.', '2023-09-04', 'mp3', 'uploads/musicas/classical23.mp3', NULL, 'uploads/fotos/img_053.jpg', 265),
                                                                                                                             ('Dream Pulse', 'Jareth', 'Dream Pulse - An immersive journey in sound.', '2023-11-04', 'mp3', 'uploads/musicas/classical24.mp3', NULL, 'uploads/fotos/img_054.jpg', 488),
                                                                                                                             ('Dream Drive', 'Jareth', 'Dream Drive - An immersive journey in sound.', '2023-11-27', 'mp3', 'uploads/musicas/classical25.mp3', NULL, 'uploads/fotos/img_055.jpg', 842),
                                                                                                                             ('Dream Within', 'Jareth', 'Dream Within - An immersive journey in sound.', '2023-02-11', 'mp3', 'uploads/musicas/classical26.mp3', NULL, 'uploads/fotos/img_056.jpg', 945),
                                                                                                                             ('Dream Bloom', 'Jareth', 'Dream Bloom - An immersive journey in sound.', '2023-05-15', 'mp3', 'uploads/musicas/classical27.mp3', NULL, 'uploads/fotos/img_057.jpg', 713),
                                                                                                                             ('Dream Lights', 'Jareth', 'Dream Lights - An immersive journey in sound.', '2023-01-23', 'mp3', 'uploads/musicas/classical28.mp3', NULL, 'uploads/fotos/img_058.jpg', 418),
                                                                                                                             ('Dream Drift', 'Jareth', 'Dream Drift - An immersive journey in sound.', '2023-10-26', 'mp3', 'uploads/musicas/classical29.mp3', NULL, 'uploads/fotos/img_059.jpg', 478),
                                                                                                                             ('Dream Wave', 'Jareth', 'Dream Wave - An immersive journey in sound.', '2023-04-26', 'mp3', 'uploads/musicas/classical30.mp3', NULL, 'uploads/fotos/img_060.jpg', 922),
                                                                                                                             ('Dream Tide', 'Kaelin', 'Dream Tide - An immersive journey in sound.', '2023-10-05', 'mp3', 'uploads/musicas/hipop1.mp3', NULL, 'uploads/fotos/img_061.jpg', 88),
                                                                                                                             ('Dream Mirage', 'Kaelin', 'Dream Mirage - An immersive journey in sound.', '2023-03-22', 'mp3', 'uploads/musicas/hipop2.mp3', NULL, 'uploads/fotos/img_062.jpg', 602),
                                                                                                                             ('Dream Groove', 'Kaelin', 'Dream Groove - An immersive journey in sound.', '2023-10-21', 'mp3', 'uploads/musicas/hipop3.mp3', NULL, 'uploads/fotos/img_063.jpg', 50),
                                                                                                                             ('Dream Steps', 'Kaelin', 'Dream Steps - An immersive journey in sound.', '2023-03-01', 'mp3', 'uploads/musicas/hipop4.mp3', NULL, 'uploads/fotos/img_064.jpg', 420),
                                                                                                                             ('Dream Sky', 'Kaelin', 'Dream Sky - An immersive journey in sound.', '2023-02-20', 'mp3', 'uploads/musicas/hipop5.mp3', NULL, 'uploads/fotos/img_065.jpg', 819),
                                                                                                                             ('Dream Rush', 'Kaelin', 'Dream Rush - An immersive journey in sound.', '2023-10-30', 'mp3', 'uploads/musicas/hipop6.mp3', NULL, 'uploads/fotos/img_066.jpg', 856),
                                                                                                                             ('Dream Calls', 'Kaelin', 'Dream Calls - An immersive journey in sound.', '2023-12-06', 'mp3', 'uploads/musicas/hipop7.mp3', NULL, 'uploads/fotos/img_067.jpg', 534),
                                                                                                                             ('Dream Flight', 'Kaelin', 'Dream Flight - An immersive journey in sound.', '2023-07-30', 'mp3', 'uploads/musicas/hipop8.mp3', NULL, 'uploads/fotos/img_068.jpg', 433),
                                                                                                                             ('Dream Dream', 'Lirien', 'Dream Dream - An immersive journey in sound.', '2023-10-17', 'mp3', 'uploads/musicas/hipop9.mp3', NULL, 'uploads/fotos/img_069.jpg', 848),
                                                                                                                             ('Dream Storm', 'Lirien', 'Dream Storm - An immersive journey in sound.', '2023-08-05', 'mp3', 'uploads/musicas/hipop10.mp3', NULL, 'uploads/fotos/img_070.jpg', 773),
                                                                                                                             ('Dream Whispers', 'Lirien', 'Dream Whispers - An immersive journey in sound.', '2023-07-28', 'mp3', 'uploads/musicas/hipop11.mp3', NULL, 'uploads/fotos/img_071.jpg', 470),
                                                                                                                             ('Dream Vision', 'Lirien', 'Dream Vision - An immersive journey in sound.', '2023-10-27', 'mp3', 'uploads/musicas/hipop12.mp3', NULL, 'uploads/fotos/img_072.jpg', 692),
                                                                                                                             ('Dream Reverie', 'Lirien', 'Dream Reverie - An immersive journey in sound.', '2023-07-26', 'mp3', 'uploads/musicas/hipop13.mp3', NULL, 'uploads/fotos/img_073.jpg', 368),
                                                                                                                             ('Dream Realm', 'Lirien', 'Dream Realm - An immersive journey in sound.', '2023-02-04', 'mp3', 'uploads/musicas/hipop14.mp3', NULL, 'uploads/fotos/img_074.jpg', 871),
                                                                                                                             ('Dream Beat', 'Lirien', 'Dream Beat - An immersive journey in sound.', '2023-08-09', 'mp3', 'uploads/musicas/hipop15.mp3', NULL, 'uploads/fotos/img_075.jpg', 369),
                                                                                                                             ('Rhythm Flow', 'Lirien', 'Rhythm Flow - An immersive journey in sound.', '2023-09-25', 'mp3', 'uploads/musicas/hipop16.mp3', NULL, 'uploads/fotos/img_076.jpg', 616),
                                                                                                                             ('Rhythm Echo', 'Lirien', 'Rhythm Echo - An immersive journey in sound.', '2023-03-10', 'mp3', 'uploads/musicas/hipop17.mp3', NULL, 'uploads/fotos/img_077.jpg', 428),
                                                                                                                             ('Rhythm Scape', 'Mirek', 'Rhythm Scape - An immersive journey in sound.', '2023-08-18', 'mp3', 'uploads/musicas/hipop18.mp3', NULL, 'uploads/fotos/img_078.jpg', 516),
                                                                                                                             ('Rhythm Pulse', 'Mirek', 'Rhythm Pulse - An immersive journey in sound.', '2023-10-05', 'mp3', 'uploads/musicas/hipop19.mp3', NULL, 'uploads/fotos/img_079.jpg', 629),
                                                                                                                             ('Rhythm Drive', 'Mirek', 'Rhythm Drive - An immersive journey in sound.', '2023-04-06', 'mp3', 'uploads/musicas/hipop20.mp3', NULL, 'uploads/fotos/img_080.jpg', 593),
                                                                                                                             ('Rhythm Within', 'Mirek', 'Rhythm Within - An immersive journey in sound.', '2023-07-20', 'mp3', 'uploads/musicas/hipop21.mp3', NULL, 'uploads/fotos/img_081.jpg', 928),
                                                                                                                             ('Rhythm Bloom', 'Mirek', 'Rhythm Bloom - An immersive journey in sound.', '2023-11-26', 'mp3', 'uploads/musicas/hipop22.mp3', NULL, 'uploads/fotos/img_082.jpg', 345),
                                                                                                                             ('Rhythm Lights', 'Mirek', 'Rhythm Lights - An immersive journey in sound.', '2023-07-10', 'mp3', 'uploads/musicas/hipop23.mp3', NULL, 'uploads/fotos/img_083.jpg', 3),
                                                                                                                             ('Rhythm Drift', 'Mirek', 'Rhythm Drift - An immersive journey in sound.', '2023-05-10', 'mp3', 'uploads/musicas/hipop24.mp3', NULL, 'uploads/fotos/img_084.jpg', 364),
                                                                                                                             ('Rhythm Wave', 'Nyssa', 'Rhythm Wave - An immersive journey in sound.', '2023-12-14', 'mp3', 'uploads/musicas/hipop25.mp3', NULL, 'uploads/fotos/img_085.jpg', 830),
                                                                                                                             ('Rhythm Tide', 'Nyssa', 'Rhythm Tide - An immersive journey in sound.', '2023-06-21', 'mp3', 'uploads/musicas/hipop26.mp3', NULL, 'uploads/fotos/img_086.jpg', 98),
                                                                                                                             ('Rhythm Mirage', 'Nyssa', 'Rhythm Mirage - An immersive journey in sound.', '2023-02-12', 'mp3', 'uploads/musicas/hipop27.mp3', NULL, 'uploads/fotos/img_087.jpg', 102),
                                                                                                                             ('Rhythm Groove', 'Nyssa', 'Rhythm Groove - An immersive journey in sound.', '2023-03-28', 'mp3', 'uploads/musicas/hipop28.mp3', NULL, 'uploads/fotos/img_088.jpg', 10),
                                                                                                                             ('Rhythm Steps', 'Nyssa', 'Rhythm Steps - An immersive journey in sound.', '2023-10-11', 'mp3', 'uploads/musicas/hipop29.mp3', NULL, 'uploads/fotos/img_089.jpg', 39),
                                                                                                                             ('Rhythm Sky', 'Nyssa', 'Rhythm Sky - An immersive journey in sound.', '2023-03-05', 'mp3', 'uploads/musicas/hipop30.mp3', NULL, 'uploads/fotos/img_090.jpg', 573),
                                                                                                                             ('Rhythm Rush', 'Nyssa', 'Rhythm Rush - An immersive journey in sound.', '2023-10-17', 'mp3', 'uploads/musicas/house1.mp3', NULL, 'uploads/fotos/img_091.jpg', 52),
                                                                                                                             ('Rhythm Calls', 'Orion', 'Rhythm Calls - An immersive journey in sound.', '2023-12-18', 'mp3', 'uploads/musicas/house2.mp3', NULL, 'uploads/fotos/img_092.jpg', 644),
                                                                                                                             ('Rhythm Flight', 'Orion', 'Rhythm Flight - An immersive journey in sound.', '2023-04-07', 'mp3', 'uploads/musicas/house3.mp3', NULL, 'uploads/fotos/img_093.jpg', 595),
                                                                                                                             ('Rhythm Dream', 'Orion', 'Rhythm Dream - An immersive journey in sound.', '2023-09-06', 'mp3', 'uploads/musicas/house4.mp3', NULL, 'uploads/fotos/img_094.jpg', 467),
                                                                                                                             ('Rhythm Storm', 'Orion', 'Rhythm Storm - An immersive journey in sound.', '2023-05-11', 'mp3', 'uploads/musicas/house5.mp3', NULL, 'uploads/fotos/img_095.jpg', 404),
                                                                                                                             ('Rhythm Whispers', 'Orion', 'Rhythm Whispers - An immersive journey in sound.', '2023-02-08', 'mp3', 'uploads/musicas/house6.mp3', NULL, 'uploads/fotos/img_096.jpg', 461),
                                                                                                                             ('Rhythm Vision', 'Orion', 'Rhythm Vision - An immersive journey in sound.', '2023-11-26', 'mp3', 'uploads/musicas/house7.mp3', NULL, 'uploads/fotos/img_097.jpg', 856),
                                                                                                                             ('Rhythm Reverie', 'Orion', 'Rhythm Reverie - An immersive journey in sound.', '2023-01-31', 'mp3', 'uploads/musicas/house8.mp3', NULL, 'uploads/fotos/img_098.jpg', 789),
                                                                                                                             ('Rhythm Realm', 'Orion', 'Rhythm Realm - An immersive journey in sound.', '2023-02-05', 'mp3', 'uploads/musicas/house9.mp3', NULL, 'uploads/fotos/img_099.jpg', 600),
                                                                                                                             ('Rhythm Beat', 'Phaedra', 'Rhythm Beat - An immersive journey in sound.', '2023-02-28', 'mp3', 'uploads/musicas/house10.mp3', NULL, 'uploads/fotos/img_100.jpg', 899),
                                                                                                                             ('Sunset Flow', 'Phaedra', 'Sunset Flow - An immersive journey in sound.', '2023-11-06', 'mp3', 'uploads/musicas/house11.mp3', NULL, 'uploads/fotos/img_101.jpg', 653),
                                                                                                                             ('Sunset Echo', 'Phaedra', 'Sunset Echo - An immersive journey in sound.', '2023-02-16', 'mp3', 'uploads/musicas/house12.mp3', NULL, 'uploads/fotos/img_102.jpg', 59),
                                                                                                                             ('Sunset Scape', 'Phaedra', 'Sunset Scape - An immersive journey in sound.', '2023-01-05', 'mp3', 'uploads/musicas/house13.mp3', NULL, 'uploads/fotos/img_103.jpg', 57),
                                                                                                                             ('Sunset Pulse', 'Phaedra', 'Sunset Pulse - An immersive journey in sound.', '2023-03-02', 'mp3', 'uploads/musicas/house14.mp3', NULL, 'uploads/fotos/img_104.jpg', 639),
                                                                                                                             ('Sunset Drive', 'Phaedra', 'Sunset Drive - An immersive journey in sound.', '2023-10-07', 'mp3', 'uploads/musicas/house15.mp3', NULL, 'uploads/fotos/img_105.jpg', 474),
                                                                                                                             ('Sunset Within', 'Phaedra', 'Sunset Within - An immersive journey in sound.', '2023-02-08', 'mp3', 'uploads/musicas/house16.mp3', NULL, 'uploads/fotos/img_106.jpg', 642),
                                                                                                                             ('Sunset Bloom', 'Phaedra', 'Sunset Bloom - An immersive journey in sound.', '2023-03-15', 'mp3', 'uploads/musicas/house17.mp3', NULL, 'uploads/fotos/img_107.jpg', 858),
                                                                                                                             ('Sunset Lights', 'Phaedra', 'Sunset Lights - An immersive journey in sound.', '2023-11-23', 'mp3', 'uploads/musicas/house18.mp3', NULL, 'uploads/fotos/img_108.jpg', 819),
                                                                                                                             ('Sunset Drift', 'Quillon', 'Sunset Drift - An immersive journey in sound.', '2023-10-24', 'mp3', 'uploads/musicas/house19.mp3', NULL, 'uploads/fotos/img_109.jpg', 8),
                                                                                                                             ('Sunset Wave', 'Quillon', 'Sunset Wave - An immersive journey in sound.', '2023-02-20', 'mp3', 'uploads/musicas/house20.mp3', NULL, 'uploads/fotos/img_110.jpg', 174),
                                                                                                                             ('Sunset Tide', 'Quillon', 'Sunset Tide - An immersive journey in sound.', '2023-05-04', 'mp3', 'uploads/musicas/house21.mp3', NULL, 'uploads/fotos/img_111.jpg', 649),
                                                                                                                             ('Sunset Mirage', 'Quillon', 'Sunset Mirage - An immersive journey in sound.', '2023-03-23', 'mp3', 'uploads/musicas/house22.mp3', NULL, 'uploads/fotos/img_112.jpg', 142),
                                                                                                                             ('Sunset Groove', 'Quillon', 'Sunset Groove - An immersive journey in sound.', '2023-01-16', 'mp3', 'uploads/musicas/house23.mp3', NULL, 'uploads/fotos/img_113.jpg', 295),
                                                                                                                             ('Sunset Steps', 'Quillon', 'Sunset Steps - An immersive journey in sound.', '2023-07-03', 'mp3', 'uploads/musicas/house24.mp3', NULL, 'uploads/fotos/img_114.jpg', 672),
                                                                                                                             ('Sunset Sky', 'Riven', 'Sunset Sky - An immersive journey in sound.', '2023-05-12', 'mp3', 'uploads/musicas/house25.mp3', NULL, 'uploads/fotos/img_115.jpg', 255),
                                                                                                                             ('Sunset Rush', 'Riven', 'Sunset Rush - An immersive journey in sound.', '2023-04-03', 'mp3', 'uploads/musicas/house26.mp3', NULL, 'uploads/fotos/img_116.jpg', 297),
                                                                                                                             ('Sunset Calls', 'Riven', 'Sunset Calls - An immersive journey in sound.', '2023-08-12', 'mp3', 'uploads/musicas/house27.mp3', NULL, 'uploads/fotos/img_117.jpg', 89),
                                                                                                                             ('Sunset Flight', 'Riven', 'Sunset Flight - An immersive journey in sound.', '2023-09-16', 'mp3', 'uploads/musicas/house28.mp3', NULL, 'uploads/fotos/img_118.jpg', 596),
                                                                                                                             ('Sunset Dream', 'Riven', 'Sunset Dream - An immersive journey in sound.', '2023-03-07', 'mp3', 'uploads/musicas/house29.mp3', NULL, 'uploads/fotos/img_119.jpg', 68),
                                                                                                                             ('Sunset Storm', 'Sylas', 'Sunset Storm - An immersive journey in sound.', '2023-11-23', 'mp3', 'uploads/musicas/house30.mp3', NULL, 'uploads/fotos/img_120.jpg', 849),
                                                                                                                             ('Sunset Whispers', 'Sylas', 'Sunset Whispers - An immersive journey in sound.', '2023-03-11', 'mp3', 'uploads/musicas/indie1.mp3', NULL, 'uploads/fotos/img_121.jpg', 423),
                                                                                                                             ('Sunset Vision', 'Sylas', 'Sunset Vision - An immersive journey in sound.', '2023-05-12', 'mp3', 'uploads/musicas/indie2.mp3', NULL, 'uploads/fotos/img_122.jpg', 424),
                                                                                                                             ('Sunset Reverie', 'Sylas', 'Sunset Reverie - An immersive journey in sound.', '2023-02-03', 'mp3', 'uploads/musicas/indie3.mp3', NULL, 'uploads/fotos/img_123.jpg', 941),
                                                                                                                             ('Sunset Realm', 'Sylas', 'Sunset Realm - An immersive journey in sound.', '2023-05-08', 'mp3', 'uploads/musicas/indie4.mp3', NULL, 'uploads/fotos/img_124.jpg', 134),
                                                                                                                             ('Sunset Beat', 'Sylas', 'Sunset Beat - An immersive journey in sound.', '2023-06-26', 'mp3', 'uploads/musicas/indie5.mp3', NULL, 'uploads/fotos/img_125.jpg', 823),
                                                                                                                             ('Echo Flow', 'Sylas', 'Echo Flow - An immersive journey in sound.', '2023-05-14', 'mp3', 'uploads/musicas/indie6.mp3', NULL, 'uploads/fotos/img_126.jpg', 582),
                                                                                                                             ('Echo Echo', 'Thalia', 'Echo Echo - An immersive journey in sound.', '2023-05-09', 'mp3', 'uploads/musicas/indie7.mp3', NULL, 'uploads/fotos/img_127.jpg', 629),
                                                                                                                             ('Echo Scape', 'Thalia', 'Echo Scape - An immersive journey in sound.', '2023-05-27', 'mp3', 'uploads/musicas/indie8.mp3', NULL, 'uploads/fotos/img_128.jpg', 209),
                                                                                                                             ('Echo Pulse', 'Thalia', 'Echo Pulse - An immersive journey in sound.', '2023-03-06', 'mp3', 'uploads/musicas/indie9.mp3', NULL, 'uploads/fotos/img_129.jpg', 439),
                                                                                                                             ('Echo Drive', 'Thalia', 'Echo Drive - An immersive journey in sound.', '2023-05-03', 'mp3', 'uploads/musicas/indie10.mp3', NULL, 'uploads/fotos/img_130.jpg', 57),
                                                                                                                             ('Echo Within', 'Thalia', 'Echo Within - An immersive journey in sound.', '2023-05-22', 'mp3', 'uploads/musicas/indie11.mp3', NULL, 'uploads/fotos/img_131.jpg', 473),
                                                                                                                             ('Echo Bloom', 'Thalia', 'Echo Bloom - An immersive journey in sound.', '2023-02-10', 'mp3', 'uploads/musicas/indie12.mp3', NULL, 'uploads/fotos/img_132.jpg', 623),
                                                                                                                             ('Echo Lights', 'Thalia', 'Echo Lights - An immersive journey in sound.', '2023-08-30', 'mp3', 'uploads/musicas/indie13.mp3', NULL, 'uploads/fotos/img_133.jpg', 218),
                                                                                                                             ('Echo Drift', 'Ulric', 'Echo Drift - An immersive journey in sound.', '2023-10-20', 'mp3', 'uploads/musicas/indie14.mp3', NULL, 'uploads/fotos/img_134.jpg', 805),
                                                                                                                             ('Echo Wave', 'Ulric', 'Echo Wave - An immersive journey in sound.', '2023-04-15', 'mp3', 'uploads/musicas/indie15.mp3', NULL, 'uploads/fotos/img_135.jpg', 374),
                                                                                                                             ('Echo Tide', 'Ulric', 'Echo Tide - An immersive journey in sound.', '2023-04-04', 'mp3', 'uploads/musicas/indie16.mp3', NULL, 'uploads/fotos/img_136.jpg', 443),
                                                                                                                             ('Echo Mirage', 'Ulric', 'Echo Mirage - An immersive journey in sound.', '2023-09-25', 'mp3', 'uploads/musicas/indie17.mp3', NULL, 'uploads/fotos/img_137.jpg', 76),
                                                                                                                             ('Echo Groove', 'Ulric', 'Echo Groove - An immersive journey in sound.', '2023-11-13', 'mp3', 'uploads/musicas/indie18.mp3', NULL, 'uploads/fotos/img_138.jpg', 523),
                                                                                                                             ('Echo Steps', 'Ulric', 'Echo Steps - An immersive journey in sound.', '2023-08-24', 'mp3', 'uploads/musicas/indie19.mp3', NULL, 'uploads/fotos/img_139.jpg', 677),
                                                                                                                             ('Echo Sky', 'Ulric', 'Echo Sky - An immersive journey in sound.', '2023-11-14', 'mp3', 'uploads/musicas/indie20.mp3', NULL, 'uploads/fotos/img_140.jpg', 282),
                                                                                                                             ('Echo Rush', 'Ulric', 'Echo Rush - An immersive journey in sound.', '2023-10-29', 'mp3', 'uploads/musicas/indie21.mp3', NULL, 'uploads/fotos/img_141.jpg', 111),
                                                                                                                             ('Echo Calls', 'Ulric', 'Echo Calls - An immersive journey in sound.', '2023-04-24', 'mp3', 'uploads/musicas/indie22.mp3', NULL, 'uploads/fotos/img_142.jpg', 386),
                                                                                                                             ('Echo Flight', 'Vesper', 'Echo Flight - An immersive journey in sound.', '2023-02-10', 'mp3', 'uploads/musicas/indie23.mp3', NULL, 'uploads/fotos/img_143.jpg', 902),
                                                                                                                             ('Echo Dream', 'Vesper', 'Echo Dream - An immersive journey in sound.', '2023-03-30', 'mp3', 'uploads/musicas/indie24.mp3', NULL, 'uploads/fotos/img_144.jpg', 859),
                                                                                                                             ('Echo Storm', 'Vesper', 'Echo Storm - An immersive journey in sound.', '2023-04-10', 'mp3', 'uploads/musicas/indie25.mp3', NULL, 'uploads/fotos/img_145.jpg', 976),
                                                                                                                             ('Echo Whispers', 'Vesper', 'Echo Whispers - An immersive journey in sound.', '2023-11-27', 'mp3', 'uploads/musicas/indie26.mp3', NULL, 'uploads/fotos/img_146.jpg', 542),
                                                                                                                             ('Echo Vision', 'Vesper', 'Echo Vision - An immersive journey in sound.', '2023-08-22', 'mp3', 'uploads/musicas/indie27.mp3', NULL, 'uploads/fotos/img_147.jpg', 695),
                                                                                                                             ('Echo Reverie', 'Vesper', 'Echo Reverie - An immersive journey in sound.', '2023-07-14', 'mp3', 'uploads/musicas/indie28.mp3', NULL, 'uploads/fotos/img_148.jpg', 574),
                                                                                                                             ('Echo Realm', 'Vesper', 'Echo Realm - An immersive journey in sound.', '2023-08-23', 'mp3', 'uploads/musicas/indie29.mp3', NULL, 'uploads/fotos/img_149.jpg', 903),
                                                                                                                             ('Echo Beat', 'Vesper', 'Echo Beat - An immersive journey in sound.', '2023-07-19', 'mp3', 'uploads/musicas/indie30.mp3', NULL, 'uploads/fotos/img_150.jpg', 791),
                                                                                                                             ('Bassline Flow', 'Wren', 'Bassline Flow - An immersive journey in sound.', '2023-06-01', 'mp3', 'uploads/musicas/jazz1.mp3', NULL, 'uploads/fotos/img_151.jpg', 124),
                                                                                                                             ('Bassline Echo', 'Wren', 'Bassline Echo - An immersive journey in sound.', '2023-03-30', 'mp3', 'uploads/musicas/jazz2.mp3', NULL, 'uploads/fotos/img_152.jpg', 385),
                                                                                                                             ('Bassline Scape', 'Wren', 'Bassline Scape - An immersive journey in sound.', '2023-04-26', 'mp3', 'uploads/musicas/jazz3.mp3', NULL, 'uploads/fotos/img_153.jpg', 95),
                                                                                                                             ('Bassline Pulse', 'Wren', 'Bassline Pulse - An immersive journey in sound.', '2023-05-07', 'mp3', 'uploads/musicas/jazz4.mp3', NULL, 'uploads/fotos/img_154.jpg', 133),
                                                                                                                             ('Bassline Drive', 'Wren', 'Bassline Drive - An immersive journey in sound.', '2023-07-05', 'mp3', 'uploads/musicas/jazz5.mp3', NULL, 'uploads/fotos/img_155.jpg', 560),
                                                                                                                             ('Bassline Within', 'Wren', 'Bassline Within - An immersive journey in sound.', '2023-09-27', 'mp3', 'uploads/musicas/jazz6.mp3', NULL, 'uploads/fotos/img_156.jpg', 515),
                                                                                                                             ('Bassline Bloom', 'Wren', 'Bassline Bloom - An immersive journey in sound.', '2023-10-12', 'mp3', 'uploads/musicas/jazz7.mp3', NULL, 'uploads/fotos/img_157.jpg', 107),
                                                                                                                             ('Bassline Lights', 'Wren', 'Bassline Lights - An immersive journey in sound.', '2023-12-02', 'mp3', 'uploads/musicas/jazz8.mp3', NULL, 'uploads/fotos/img_158.jpg', 65),
                                                                                                                             ('Bassline Drift', 'Wren', 'Bassline Drift - An immersive journey in sound.', '2023-01-28', 'mp3', 'uploads/musicas/jazz9.mp3', NULL, 'uploads/fotos/img_159.jpg', 100),
                                                                                                                             ('Bassline Wave', 'Wren', 'Bassline Wave - An immersive journey in sound.', '2023-07-02', 'mp3', 'uploads/musicas/jazz10.mp3', NULL, 'uploads/fotos/img_160.jpg', 665),
                                                                                                                             ('Bassline Tide', 'Xavian', 'Bassline Tide - An immersive journey in sound.', '2023-05-11', 'mp3', 'uploads/musicas/jazz11.mp3', NULL, 'uploads/fotos/img_161.jpg', 146),
                                                                                                                             ('Bassline Mirage', 'Xavian', 'Bassline Mirage - An immersive journey in sound.', '2023-04-28', 'mp3', 'uploads/musicas/jazz12.mp3', NULL, 'uploads/fotos/img_162.jpg', 641),
                                                                                                                             ('Bassline Groove', 'Xavian', 'Bassline Groove - An immersive journey in sound.', '2023-05-13', 'mp3', 'uploads/musicas/jazz13.mp3', NULL, 'uploads/fotos/img_163.jpg', 882),
                                                                                                                             ('Bassline Steps', 'Xavian', 'Bassline Steps - An immersive journey in sound.', '2023-07-09', 'mp3', 'uploads/musicas/jazz14.mp3', NULL, 'uploads/fotos/img_164.jpg', 466),
                                                                                                                             ('Bassline Sky', 'Xavian', 'Bassline Sky - An immersive journey in sound.', '2023-11-06', 'mp3', 'uploads/musicas/jazz15.mp3', NULL, 'uploads/fotos/img_165.jpg', 68),
                                                                                                                             ('Bassline Rush', 'Xavian', 'Bassline Rush - An immersive journey in sound.', '2023-12-12', 'mp3', 'uploads/musicas/jazz16.mp3', NULL, 'uploads/fotos/img_166.jpg', 594),
                                                                                                                             ('Bassline Calls', 'Xavian', 'Bassline Calls - An immersive journey in sound.', '2023-05-03', 'mp3', 'uploads/musicas/jazz17.mp3', NULL, 'uploads/fotos/img_167.jpg', 996),
                                                                                                                             ('Bassline Flight', 'Xavian', 'Bassline Flight - An immersive journey in sound.', '2023-06-14', 'mp3', 'uploads/musicas/jazz18.mp3', NULL, 'uploads/fotos/img_168.jpg', 485),
                                                                                                                             ('Bassline Dream', 'Xavian', 'Bassline Dream - An immersive journey in sound.', '2023-11-18', 'mp3', 'uploads/musicas/jazz19.mp3', NULL, 'uploads/fotos/img_169.jpg', 895),
                                                                                                                             ('Bassline Storm', 'Xavian', 'Bassline Storm - An immersive journey in sound.', '2023-12-25', 'mp3', 'uploads/musicas/jazz20.mp3', NULL, 'uploads/fotos/img_170.jpg', 182),
                                                                                                                             ('Bassline Whispers', 'Ysolde', 'Bassline Whispers - An immersive journey in sound.', '2023-09-30', 'mp3', 'uploads/musicas/jazz21.mp3', NULL, 'uploads/fotos/img_171.jpg', 19),
                                                                                                                             ('Bassline Vision', 'Ysolde', 'Bassline Vision - An immersive journey in sound.', '2023-10-03', 'mp3', 'uploads/musicas/jazz22.mp3', NULL, 'uploads/fotos/img_172.jpg', 664),
                                                                                                                             ('Bassline Reverie', 'Ysolde', 'Bassline Reverie - An immersive journey in sound.', '2023-12-31', 'mp3', 'uploads/musicas/jazz23.mp3', NULL, 'uploads/fotos/img_173.jpg', 380),
                                                                                                                             ('Bassline Realm', 'Ysolde', 'Bassline Realm - An immersive journey in sound.', '2023-01-26', 'mp3', 'uploads/musicas/jazz24.mp3', NULL, 'uploads/fotos/img_174.jpg', 671),
                                                                                                                             ('Bassline Beat', 'Ysolde', 'Bassline Beat - An immersive journey in sound.', '2023-01-08', 'mp3', 'uploads/musicas/jazz25.mp3', NULL, 'uploads/fotos/img_175.jpg', 554),
                                                                                                                             ('Neon Flow', 'Ysolde', 'Neon Flow - An immersive journey in sound.', '2023-10-11', 'mp3', 'uploads/musicas/jazz26.mp3', NULL, 'uploads/fotos/img_176.jpg', 901),
                                                                                                                             ('Neon Echo', 'Ysolde', 'Neon Echo - An immersive journey in sound.', '2023-02-11', 'mp3', 'uploads/musicas/jazz27.mp3', NULL, 'uploads/fotos/img_177.jpg', 497),
                                                                                                                             ('Neon Scape', 'Zarek', 'Neon Scape - An immersive journey in sound.', '2023-01-15', 'mp3', 'uploads/musicas/jazz28.mp3', NULL, 'uploads/fotos/img_178.jpg', 798),
                                                                                                                             ('Neon Pulse', 'Zarek', 'Neon Pulse - An immersive journey in sound.', '2023-12-22', 'mp3', 'uploads/musicas/jazz29.mp3', NULL, 'uploads/fotos/img_179.jpg', 216),
                                                                                                                             ('Neon Drive', 'Zarek', 'Neon Drive - An immersive journey in sound.', '2023-02-05', 'mp3', 'uploads/musicas/jazz30.mp3', NULL, 'uploads/fotos/img_180.jpg', 914),
                                                                                                                             ('Neon Within', 'Zarek', 'Neon Within - An immersive journey in sound.', '2023-09-24', 'mp3', 'uploads/musicas/latino1.mp3', NULL, 'uploads/fotos/img_181.jpg', 410),
                                                                                                                             ('Neon Bloom', 'Zarek', 'Neon Bloom - An immersive journey in sound.', '2023-02-21', 'mp3', 'uploads/musicas/latino2.mp3', NULL, 'uploads/fotos/img_182.jpg', 887),
                                                                                                                             ('Neon Lights', 'Zarek', 'Neon Lights - An immersive journey in sound.', '2023-06-05', 'mp3', 'uploads/musicas/latino3.mp3', NULL, 'uploads/fotos/img_183.jpg', 92),
                                                                                                                             ('Neon Drift', 'Zarek', 'Neon Drift - An immersive journey in sound.', '2023-11-22', 'mp3', 'uploads/musicas/latino4.mp3', NULL, 'uploads/fotos/img_184.jpg', 626),
                                                                                                                             ('Neon Wave', 'Zarek', 'Neon Wave - An immersive journey in sound.', '2023-11-11', 'mp3', 'uploads/musicas/latino5.mp3', NULL, 'uploads/fotos/img_185.jpg', 739),
                                                                                                                             ('Neon Tide', 'Zarek', 'Neon Tide - An immersive journey in sound.', '2023-09-04', 'mp3', 'uploads/musicas/latino6.mp3', NULL, 'uploads/fotos/img_186.jpg', 498),
                                                                                                                             ('Neon Mirage', 'Aveline', 'Neon Mirage - An immersive journey in sound.', '2023-11-07', 'mp3', 'uploads/musicas/latino7.mp3', NULL, 'uploads/fotos/img_187.jpg', 548),
                                                                                                                             ('Neon Groove', 'Aveline', 'Neon Groove - An immersive journey in sound.', '2023-05-12', 'mp3', 'uploads/musicas/latino8.mp3', NULL, 'uploads/fotos/img_188.jpg', 162),
                                                                                                                             ('Neon Steps', 'Aveline', 'Neon Steps - An immersive journey in sound.', '2023-08-25', 'mp3', 'uploads/musicas/latino9.mp3', NULL, 'uploads/fotos/img_189.jpg', 190),
                                                                                                                             ('Neon Sky', 'Aveline', 'Neon Sky - An immersive journey in sound.', '2023-06-30', 'mp3', 'uploads/musicas/latino10.mp3', NULL, 'uploads/fotos/img_190.jpg', 932),
                                                                                                                             ('Neon Rush', 'Aveline', 'Neon Rush - An immersive journey in sound.', '2023-01-07', 'mp3', 'uploads/musicas/latino11.mp3', NULL, 'uploads/fotos/img_191.jpg', 985),
                                                                                                                             ('Neon Calls', 'Aveline', 'Neon Calls - An immersive journey in sound.', '2023-11-20', 'mp3', 'uploads/musicas/latino12.mp3', NULL, 'uploads/fotos/img_192.jpg', 986),
                                                                                                                             ('Neon Flight', 'Aveline', 'Neon Flight - An immersive journey in sound.', '2023-05-27', 'mp3', 'uploads/musicas/latino13.mp3', NULL, 'uploads/fotos/img_193.jpg', 368),
                                                                                                                             ('Neon Dream', 'Aveline', 'Neon Dream - An immersive journey in sound.', '2023-11-05', 'mp3', 'uploads/musicas/latino14.mp3', NULL, 'uploads/fotos/img_194.jpg', 689),
                                                                                                                             ('Neon Storm', 'Aveline', 'Neon Storm - An immersive journey in sound.', '2023-03-02', 'mp3', 'uploads/musicas/latino15.mp3', NULL, 'uploads/fotos/img_195.jpg', 915),
                                                                                                                             ('Neon Whispers', 'Bastian', 'Neon Whispers - An immersive journey in sound.', '2023-07-28', 'mp3', 'uploads/musicas/latino16.mp3', NULL, 'uploads/fotos/img_196.jpg', 314),
                                                                                                                             ('Neon Vision', 'Bastian', 'Neon Vision - An immersive journey in sound.', '2023-01-18', 'mp3', 'uploads/musicas/latino17.mp3', NULL, 'uploads/fotos/img_197.jpg', 645),
                                                                                                                             ('Neon Reverie', 'Bastian', 'Neon Reverie - An immersive journey in sound.', '2023-07-25', 'mp3', 'uploads/musicas/latino18.mp3', NULL, 'uploads/fotos/img_198.jpg', 43),
                                                                                                                             ('Neon Realm', 'Bastian', 'Neon Realm - An immersive journey in sound.', '2023-05-16', 'mp3', 'uploads/musicas/latino19.mp3', NULL, 'uploads/fotos/img_199.jpg', 442),
                                                                                                                             ('Neon Beat', 'Bastian', 'Neon Beat - An immersive journey in sound.', '2023-06-02', 'mp3', 'uploads/musicas/latino20.mp3', NULL, 'uploads/fotos/img_200.jpg', 894),
                                                                                                                             ('Stellar Flow', 'Bastian', 'Stellar Flow - An immersive journey in sound.', '2023-04-16', 'mp3', 'uploads/musicas/latino21.mp3', NULL, 'uploads/fotos/img_201.jpg', 634),
                                                                                                                             ('Stellar Echo', 'Bastian', 'Stellar Echo - An immersive journey in sound.', '2023-02-02', 'mp3', 'uploads/musicas/latino22.mp3', NULL, 'uploads/fotos/img_202.jpg', 785),
                                                                                                                             ('Stellar Scape', 'Bastian', 'Stellar Scape - An immersive journey in sound.', '2023-02-07', 'mp3', 'uploads/musicas/latino23.mp3', NULL, 'uploads/fotos/img_203.jpg', 197),
                                                                                                                             ('Stellar Pulse', 'Bastian', 'Stellar Pulse - An immersive journey in sound.', '2023-02-13', 'mp3', 'uploads/musicas/latino24.mp3', NULL, 'uploads/fotos/img_204.jpg', 561),
                                                                                                                             ('Stellar Drive', 'Caelum', 'Stellar Drive - An immersive journey in sound.', '2023-04-29', 'mp3', 'uploads/musicas/latino25.mp3', NULL, 'uploads/fotos/img_205.jpg', 651),
                                                                                                                             ('Stellar Within', 'Caelum', 'Stellar Within - An immersive journey in sound.', '2023-06-05', 'mp3', 'uploads/musicas/latino26.mp3', NULL, 'uploads/fotos/img_206.jpg', 544),
                                                                                                                             ('Stellar Bloom', 'Caelum', 'Stellar Bloom - An immersive journey in sound.', '2023-05-30', 'mp3', 'uploads/musicas/latino27.mp3', NULL, 'uploads/fotos/img_207.jpg', 661),
                                                                                                                             ('Stellar Lights', 'Caelum', 'Stellar Lights - An immersive journey in sound.', '2023-04-09', 'mp3', 'uploads/musicas/latino28.mp3', NULL, 'uploads/fotos/img_208.jpg', 852),
                                                                                                                             ('Stellar Drift', 'Caelum', 'Stellar Drift - An immersive journey in sound.', '2023-01-14', 'mp3', 'uploads/musicas/latino29.mp3', NULL, 'uploads/fotos/img_209.jpg', 21),
                                                                                                                             ('Stellar Wave', 'Caelum', 'Stellar Wave - An immersive journey in sound.', '2023-12-21', 'mp3', 'uploads/musicas/latino30.mp3', NULL, 'uploads/fotos/img_210.jpg', 761),
                                                                                                                             ('Stellar Tide', 'Caelum', 'Stellar Tide - An immersive journey in sound.', '2023-02-14', 'mp3', 'uploads/musicas/metal1.mp3', NULL, 'uploads/fotos/img_211.jpg', 487),
                                                                                                                             ('Stellar Mirage', 'Caelum', 'Stellar Mirage - An immersive journey in sound.', '2023-09-15', 'mp3', 'uploads/musicas/metal2.mp3', NULL, 'uploads/fotos/img_212.jpg', 753),
                                                                                                                             ('Stellar Groove', 'Caelum', 'Stellar Groove - An immersive journey in sound.', '2023-12-29', 'mp3', 'uploads/musicas/metal3.mp3', NULL, 'uploads/fotos/img_213.jpg', 320),
                                                                                                                             ('Stellar Steps', 'Delwyn', 'Stellar Steps - An immersive journey in sound.', '2023-04-16', 'mp3', 'uploads/musicas/metal4.mp3', NULL, 'uploads/fotos/img_214.jpg', 690),
                                                                                                                             ('Stellar Sky', 'Delwyn', 'Stellar Sky - An immersive journey in sound.', '2023-02-04', 'mp3', 'uploads/musicas/metal5.mp3', NULL, 'uploads/fotos/img_215.jpg', 72),
                                                                                                                             ('Stellar Rush', 'Delwyn', 'Stellar Rush - An immersive journey in sound.', '2023-02-19', 'mp3', 'uploads/musicas/metal6.mp3', NULL, 'uploads/fotos/img_216.jpg', 567),
                                                                                                                             ('Stellar Calls', 'Delwyn', 'Stellar Calls - An immersive journey in sound.', '2023-06-24', 'mp3', 'uploads/musicas/metal7.mp3', NULL, 'uploads/fotos/img_217.jpg', 166),
                                                                                                                             ('Stellar Flight', 'Delwyn', 'Stellar Flight - An immersive journey in sound.', '2023-04-05', 'mp3', 'uploads/musicas/metal8.mp3', NULL, 'uploads/fotos/img_218.jpg', 740),
                                                                                                                             ('Stellar Dream', 'Emric', 'Stellar Dream - An immersive journey in sound.', '2023-06-11', 'mp3', 'uploads/musicas/metal9.mp3', NULL, 'uploads/fotos/img_219.jpg', 381),
                                                                                                                             ('Stellar Storm', 'Emric', 'Stellar Storm - An immersive journey in sound.', '2023-09-11', 'mp3', 'uploads/musicas/metal10.mp3', NULL, 'uploads/fotos/img_220.jpg', 858),
                                                                                                                             ('Stellar Whispers', 'Emric', 'Stellar Whispers - An immersive journey in sound.', '2023-06-20', 'mp3', 'uploads/musicas/metal11.mp3', NULL, 'uploads/fotos/img_221.jpg', 48),
                                                                                                                             ('Stellar Vision', 'Emric', 'Stellar Vision - An immersive journey in sound.', '2023-09-17', 'mp3', 'uploads/musicas/metal12.mp3', NULL, 'uploads/fotos/img_222.jpg', 763),
                                                                                                                             ('Stellar Reverie', 'Emric', 'Stellar Reverie - An immersive journey in sound.', '2023-09-14', 'mp3', 'uploads/musicas/metal13.mp3', NULL, 'uploads/fotos/img_223.jpg', 596),
                                                                                                                             ('Stellar Realm', 'Emric', 'Stellar Realm - An immersive journey in sound.', '2023-06-04', 'mp3', 'uploads/musicas/metal14.mp3', NULL, 'uploads/fotos/img_224.jpg', 539),
                                                                                                                             ('Stellar Beat', 'Freya', 'Stellar Beat - An immersive journey in sound.', '2023-02-02', 'mp3', 'uploads/musicas/metal15.mp3', NULL, 'uploads/fotos/img_225.jpg', 438),
                                                                                                                             ('Pulse Flow', 'Freya', 'Pulse Flow - An immersive journey in sound.', '2023-03-16', 'mp3', 'uploads/musicas/metal16.mp3', NULL, 'uploads/fotos/img_226.jpg', 418),
                                                                                                                             ('Pulse Echo', 'Freya', 'Pulse Echo - An immersive journey in sound.', '2023-01-25', 'mp3', 'uploads/musicas/metal17.mp3', NULL, 'uploads/fotos/img_227.jpg', 978),
                                                                                                                             ('Pulse Scape', 'Freya', 'Pulse Scape - An immersive journey in sound.', '2023-08-27', 'mp3', 'uploads/musicas/metal18.mp3', NULL, 'uploads/fotos/img_228.jpg', 905),
                                                                                                                             ('Pulse Pulse', 'Freya', 'Pulse Pulse - An immersive journey in sound.', '2023-08-15', 'mp3', 'uploads/musicas/metal19.mp3', NULL, 'uploads/fotos/img_229.jpg', 963),
                                                                                                                             ('Pulse Drive', 'Freya', 'Pulse Drive - An immersive journey in sound.', '2023-03-14', 'mp3', 'uploads/musicas/metal20.mp3', NULL, 'uploads/fotos/img_230.jpg', 957),
                                                                                                                             ('Pulse Within', 'Gideon', 'Pulse Within - An immersive journey in sound.', '2023-09-22', 'mp3', 'uploads/musicas/metal21.mp3', NULL, 'uploads/fotos/img_231.jpg', 356),
                                                                                                                             ('Pulse Bloom', 'Gideon', 'Pulse Bloom - An immersive journey in sound.', '2023-09-03', 'mp3', 'uploads/musicas/metal22.mp3', NULL, 'uploads/fotos/img_232.jpg', 858),
                                                                                                                             ('Pulse Lights', 'Gideon', 'Pulse Lights - An immersive journey in sound.', '2023-12-07', 'mp3', 'uploads/musicas/metal23.mp3', NULL, 'uploads/fotos/img_233.jpg', 937),
                                                                                                                             ('Pulse Drift', 'Gideon', 'Pulse Drift - An immersive journey in sound.', '2023-05-30', 'mp3', 'uploads/musicas/metal24.mp3', NULL, 'uploads/fotos/img_234.jpg', 294),
                                                                                                                             ('Pulse Wave', 'Gideon', 'Pulse Wave - An immersive journey in sound.', '2023-08-07', 'mp3', 'uploads/musicas/metal25.mp3', NULL, 'uploads/fotos/img_235.jpg', 202),
                                                                                                                             ('Pulse Tide', 'Gideon', 'Pulse Tide - An immersive journey in sound.', '2023-08-17', 'mp3', 'uploads/musicas/metal26.mp3', NULL, 'uploads/fotos/img_236.jpg', 404),
                                                                                                                             ('Pulse Mirage', 'Gideon', 'Pulse Mirage - An immersive journey in sound.', '2023-08-07', 'mp3', 'uploads/musicas/metal27.mp3', NULL, 'uploads/fotos/img_237.jpg', 262),
                                                                                                                             ('Pulse Groove', 'Gideon', 'Pulse Groove - An immersive journey in sound.', '2023-09-18', 'mp3', 'uploads/musicas/metal28.mp3', NULL, 'uploads/fotos/img_238.jpg', 793),
                                                                                                                             ('Pulse Steps', 'Gideon', 'Pulse Steps - An immersive journey in sound.', '2023-08-09', 'mp3', 'uploads/musicas/metal29.mp3', NULL, 'uploads/fotos/img_239.jpg', 611),
                                                                                                                             ('Pulse Sky', 'Gideon', 'Pulse Sky - An immersive journey in sound.', '2023-11-08', 'mp3', 'uploads/musicas/metal30.mp3', NULL, 'uploads/fotos/img_240.jpg', 241),
                                                                                                                             ('Pulse Rush', 'Helena', 'Pulse Rush - An immersive journey in sound.', '2023-04-20', 'mp3', 'uploads/musicas/pop1.mp3', NULL, 'uploads/fotos/img_241.jpg', 908),
                                                                                                                             ('Pulse Calls', 'Helena', 'Pulse Calls - An immersive journey in sound.', '2023-08-16', 'mp3', 'uploads/musicas/pop2.mp3', NULL, 'uploads/fotos/img_242.jpg', 952),
                                                                                                                             ('Pulse Flight', 'Helena', 'Pulse Flight - An immersive journey in sound.', '2023-09-09', 'mp3', 'uploads/musicas/pop3.mp3', NULL, 'uploads/fotos/img_243.jpg', 12),
                                                                                                                             ('Pulse Dream', 'Helena', 'Pulse Dream - An immersive journey in sound.', '2023-12-26', 'mp3', 'uploads/musicas/pop4.mp3', NULL, 'uploads/fotos/img_244.jpg', 884),
                                                                                                                             ('Pulse Storm', 'Helena', 'Pulse Storm - An immersive journey in sound.', '2023-03-15', 'mp3', 'uploads/musicas/pop5.mp3', NULL, 'uploads/fotos/img_245.jpg', 100),
                                                                                                                             ('Pulse Whispers', 'Helena', 'Pulse Whispers - An immersive journey in sound.', '2023-07-19', 'mp3', 'uploads/musicas/pop6.mp3', NULL, 'uploads/fotos/img_246.jpg', 264),
                                                                                                                             ('Pulse Vision', 'Helena', 'Pulse Vision - An immersive journey in sound.', '2023-07-24', 'mp3', 'uploads/musicas/pop7.mp3', NULL, 'uploads/fotos/img_247.jpg', 286),
                                                                                                                             ('Pulse Reverie', 'Ivar', 'Pulse Reverie - An immersive journey in sound.', '2023-12-11', 'mp3', 'uploads/musicas/pop8.mp3', NULL, 'uploads/fotos/img_248.jpg', 131),
                                                                                                                             ('Pulse Realm', 'Ivar', 'Pulse Realm - An immersive journey in sound.', '2023-10-15', 'mp3', 'uploads/musicas/pop9.mp3', NULL, 'uploads/fotos/img_249.jpg', 3),
                                                                                                                             ('Pulse Beat', 'Ivar', 'Pulse Beat - An immersive journey in sound.', '2023-03-23', 'mp3', 'uploads/musicas/pop10.mp3', NULL, 'uploads/fotos/img_250.jpg', 526),
                                                                                                                             ('Harmony Flow', 'Ivar', 'Harmony Flow - An immersive journey in sound.', '2023-10-25', 'mp3', 'uploads/musicas/pop11.mp3', NULL, 'uploads/fotos/img_251.jpg', 736),
                                                                                                                             ('Harmony Echo', 'Ivar', 'Harmony Echo - An immersive journey in sound.', '2023-05-14', 'mp3', 'uploads/musicas/pop12.mp3', NULL, 'uploads/fotos/img_252.jpg', 710),
                                                                                                                             ('Harmony Scape', 'Ivar', 'Harmony Scape - An immersive journey in sound.', '2023-03-30', 'mp3', 'uploads/musicas/pop13.mp3', NULL, 'uploads/fotos/img_253.jpg', 962),
                                                                                                                             ('Harmony Pulse', 'Ivar', 'Harmony Pulse - An immersive journey in sound.', '2023-05-09', 'mp3', 'uploads/musicas/pop14.mp3', NULL, 'uploads/fotos/img_254.jpg', 406),
                                                                                                                             ('Harmony Drive', 'Ivar', 'Harmony Drive - An immersive journey in sound.', '2023-06-23', 'mp3', 'uploads/musicas/pop15.mp3', NULL, 'uploads/fotos/img_255.jpg', 912),
                                                                                                                             ('Harmony Within', 'Juno', 'Harmony Within - An immersive journey in sound.', '2023-01-30', 'mp3', 'uploads/musicas/pop16.mp3', NULL, 'uploads/fotos/img_256.jpg', 61),
                                                                                                                             ('Harmony Bloom', 'Juno', 'Harmony Bloom - An immersive journey in sound.', '2023-06-26', 'mp3', 'uploads/musicas/pop17.mp3', NULL, 'uploads/fotos/img_257.jpg', 392),
                                                                                                                             ('Harmony Lights', 'Juno', 'Harmony Lights - An immersive journey in sound.', '2023-01-03', 'mp3', 'uploads/musicas/pop18.mp3', NULL, 'uploads/fotos/img_258.jpg', 622),
                                                                                                                             ('Harmony Drift', 'Juno', 'Harmony Drift - An immersive journey in sound.', '2023-12-06', 'mp3', 'uploads/musicas/pop19.mp3', NULL, 'uploads/fotos/img_259.jpg', 774),
                                                                                                                             ('Harmony Wave', 'Juno', 'Harmony Wave - An immersive journey in sound.', '2023-06-03', 'mp3', 'uploads/musicas/pop20.mp3', NULL, 'uploads/fotos/img_260.jpg', 523),
                                                                                                                             ('Harmony Tide', 'Juno', 'Harmony Tide - An immersive journey in sound.', '2023-01-01', 'mp3', 'uploads/musicas/pop21.mp3', NULL, 'uploads/fotos/img_261.jpg', 894),
                                                                                                                             ('Harmony Mirage', 'Juno', 'Harmony Mirage - An immersive journey in sound.', '2023-11-04', 'mp3', 'uploads/musicas/pop22.mp3', NULL, 'uploads/fotos/img_262.jpg', 695),
                                                                                                                             ('Harmony Groove', 'Juno', 'Harmony Groove - An immersive journey in sound.', '2023-12-29', 'mp3', 'uploads/musicas/pop23.mp3', NULL, 'uploads/fotos/img_263.jpg', 332),
                                                                                                                             ('Harmony Steps', 'Juno', 'Harmony Steps - An immersive journey in sound.', '2023-12-08', 'mp3', 'uploads/musicas/pop24.mp3', NULL, 'uploads/fotos/img_264.jpg', 83),
                                                                                                                             ('Harmony Sky', 'Kieran', 'Harmony Sky - An immersive journey in sound.', '2023-09-05', 'mp3', 'uploads/musicas/pop25.mp3', NULL, 'uploads/fotos/img_265.jpg', 401),
                                                                                                                             ('Harmony Rush', 'Kieran', 'Harmony Rush - An immersive journey in sound.', '2023-03-08', 'mp3', 'uploads/musicas/pop26.mp3', NULL, 'uploads/fotos/img_266.jpg', 616),
                                                                                                                             ('Harmony Calls', 'Kieran', 'Harmony Calls - An immersive journey in sound.', '2023-11-13', 'mp3', 'uploads/musicas/pop27.mp3', NULL, 'uploads/fotos/img_267.jpg', 355),
                                                                                                                             ('Harmony Flight', 'Kieran', 'Harmony Flight - An immersive journey in sound.', '2023-05-23', 'mp3', 'uploads/musicas/pop28.mp3', NULL, 'uploads/fotos/img_268.jpg', 552),
                                                                                                                             ('Harmony Dream', 'Kieran', 'Harmony Dream - An immersive journey in sound.', '2023-07-17', 'mp3', 'uploads/musicas/pop29.mp3', NULL, 'uploads/fotos/img_269.jpg', 225),
                                                                                                                             ('Harmony Storm', 'Kieran', 'Harmony Storm - An immersive journey in sound.', '2023-06-30', 'mp3', 'uploads/musicas/pop30.mp3', NULL, 'uploads/fotos/img_270.jpg', 800),
                                                                                                                             ('Harmony Whispers', 'Kieran', 'Harmony Whispers - An immersive journey in sound.', '2023-01-27', 'mp3', 'uploads/musicas/reggae1.mp3', NULL, 'uploads/fotos/img_271.jpg', 533),
                                                                                                                             ('Harmony Vision', 'Kieran', 'Harmony Vision - An immersive journey in sound.', '2023-05-06', 'mp3', 'uploads/musicas/reggae2.mp3', NULL, 'uploads/fotos/img_272.jpg', 479),
                                                                                                                             ('Harmony Reverie', 'Kieran', 'Harmony Reverie - An immersive journey in sound.', '2023-09-10', 'mp3', 'uploads/musicas/reggae3.mp3', NULL, 'uploads/fotos/img_273.jpg', 546),
                                                                                                                             ('Harmony Realm', 'Lyra', 'Harmony Realm - An immersive journey in sound.', '2023-05-17', 'mp3', 'uploads/musicas/reggae4.mp3', NULL, 'uploads/fotos/img_274.jpg', 136),
                                                                                                                             ('Harmony Beat', 'Lyra', 'Harmony Beat - An immersive journey in sound.', '2023-05-14', 'mp3', 'uploads/musicas/reggae5.mp3', NULL, 'uploads/fotos/img_275.jpg', 675),
                                                                                                                             ('Golden Flow', 'Lyra', 'Golden Flow - An immersive journey in sound.', '2023-12-08', 'mp3', 'uploads/musicas/reggae6.mp3', NULL, 'uploads/fotos/img_276.jpg', 301),
                                                                                                                             ('Golden Echo', 'Lyra', 'Golden Echo - An immersive journey in sound.', '2023-07-29', 'mp3', 'uploads/musicas/reggae7.mp3', NULL, 'uploads/fotos/img_277.jpg', 614),
                                                                                                                             ('Golden Scape', 'Lyra', 'Golden Scape - An immersive journey in sound.', '2023-05-24', 'mp3', 'uploads/musicas/reggae8.mp3', NULL, 'uploads/fotos/img_278.jpg', 628),
                                                                                                                             ('Golden Pulse', 'Malric', 'Golden Pulse - An immersive journey in sound.', '2023-11-14', 'mp3', 'uploads/musicas/reggae9.mp3', NULL, 'uploads/fotos/img_279.jpg', 556),
                                                                                                                             ('Golden Drive', 'Malric', 'Golden Drive - An immersive journey in sound.', '2023-11-30', 'mp3', 'uploads/musicas/reggae10.mp3', NULL, 'uploads/fotos/img_280.jpg', 403),
                                                                                                                             ('Golden Within', 'Malric', 'Golden Within - An immersive journey in sound.', '2023-05-03', 'mp3', 'uploads/musicas/reggae11.mp3', NULL, 'uploads/fotos/img_281.jpg', 801),
                                                                                                                             ('Golden Bloom', 'Malric', 'Golden Bloom - An immersive journey in sound.', '2023-10-07', 'mp3', 'uploads/musicas/reggae12.mp3', NULL, 'uploads/fotos/img_282.jpg', 788),
                                                                                                                             ('Golden Lights', 'Malric', 'Golden Lights - An immersive journey in sound.', '2023-06-26', 'mp3', 'uploads/musicas/reggae13.mp3', NULL, 'uploads/fotos/img_283.jpg', 273),
                                                                                                                             ('Golden Drift', 'Malric', 'Golden Drift - An immersive journey in sound.', '2023-04-15', 'mp3', 'uploads/musicas/reggae14.mp3', NULL, 'uploads/fotos/img_284.jpg', 346),
                                                                                                                             ('Golden Wave', 'Malric', 'Golden Wave - An immersive journey in sound.', '2023-02-03', 'mp3', 'uploads/musicas/reggae15.mp3', NULL, 'uploads/fotos/img_285.jpg', 708),
                                                                                                                             ('Golden Tide', 'Malric', 'Golden Tide - An immersive journey in sound.', '2023-06-01', 'mp3', 'uploads/musicas/reggae16.mp3', NULL, 'uploads/fotos/img_286.jpg', 758),
                                                                                                                             ('Golden Mirage', 'Malric', 'Golden Mirage - An immersive journey in sound.', '2023-06-07', 'mp3', 'uploads/musicas/reggae17.mp3', NULL, 'uploads/fotos/img_287.jpg', 458),
                                                                                                                             ('Golden Groove', 'Nerys', 'Golden Groove - An immersive journey in sound.', '2023-12-23', 'mp3', 'uploads/musicas/reggae18.mp3', NULL, 'uploads/fotos/img_288.jpg', 676),
                                                                                                                             ('Golden Steps', 'Nerys', 'Golden Steps - An immersive journey in sound.', '2023-10-01', 'mp3', 'uploads/musicas/reggae19.mp3', NULL, 'uploads/fotos/img_289.jpg', 331),
                                                                                                                             ('Golden Sky', 'Nerys', 'Golden Sky - An immersive journey in sound.', '2023-08-19', 'mp3', 'uploads/musicas/reggae20.mp3', NULL, 'uploads/fotos/img_290.jpg', 354),
                                                                                                                             ('Golden Rush', 'Nerys', 'Golden Rush - An immersive journey in sound.', '2023-01-06', 'mp3', 'uploads/musicas/reggae21.mp3', NULL, 'uploads/fotos/img_291.jpg', 617),
                                                                                                                             ('Golden Calls', 'Nerys', 'Golden Calls - An immersive journey in sound.', '2023-02-17', 'mp3', 'uploads/musicas/reggae22.mp3', NULL, 'uploads/fotos/img_292.jpg', 716),
                                                                                                                             ('Golden Flight', 'Nerys', 'Golden Flight - An immersive journey in sound.', '2023-06-20', 'mp3', 'uploads/musicas/reggae23.mp3', NULL, 'uploads/fotos/img_293.jpg', 19),
                                                                                                                             ('Golden Dream', 'Oberon', 'Golden Dream - An immersive journey in sound.', '2023-03-04', 'mp3', 'uploads/musicas/reggae24.mp3', NULL, 'uploads/fotos/img_294.jpg', 635),
                                                                                                                             ('Golden Storm', 'Oberon', 'Golden Storm - An immersive journey in sound.', '2023-07-13', 'mp3', 'uploads/musicas/reggae25.mp3', NULL, 'uploads/fotos/img_295.jpg', 35),
                                                                                                                             ('Golden Whispers', 'Oberon', 'Golden Whispers - An immersive journey in sound.', '2023-10-12', 'mp3', 'uploads/musicas/reggae26.mp3', NULL, 'uploads/fotos/img_296.jpg', 257),
                                                                                                                             ('Golden Vision', 'Oberon', 'Golden Vision - An immersive journey in sound.', '2023-08-25', 'mp3', 'uploads/musicas/reggae27.mp3', NULL, 'uploads/fotos/img_297.jpg', 446),
                                                                                                                             ('Golden Reverie', 'Oberon', 'Golden Reverie - An immersive journey in sound.', '2023-12-25', 'mp3', 'uploads/musicas/reggae28.mp3', NULL, 'uploads/fotos/img_298.jpg', 583),
                                                                                                                             ('Golden Realm', 'Perin', 'Golden Realm - An immersive journey in sound.', '2023-05-02', 'mp3', 'uploads/musicas/reggae29.mp3', NULL, 'uploads/fotos/img_299.jpg', 103),
                                                                                                                             ('Golden Beat', 'Perin', 'Golden Beat - An immersive journey in sound.', '2023-02-03', 'mp3', 'uploads/musicas/reggae30.mp3', NULL, 'uploads/fotos/img_300.jpg', 865),
                                                                                                                             ('Twilight Flow', 'Perin', 'Twilight Flow - An immersive journey in sound.', '2023-01-06', 'mp3', 'uploads/musicas/rnb1.mp3', NULL, 'uploads/fotos/img_301.jpg', 792),
                                                                                                                             ('Twilight Echo', 'Perin', 'Twilight Echo - An immersive journey in sound.', '2023-06-02', 'mp3', 'uploads/musicas/rnb2.mp3', NULL, 'uploads/fotos/img_302.jpg', 512),
                                                                                                                             ('Twilight Scape', 'Perin', 'Twilight Scape - An immersive journey in sound.', '2023-01-18', 'mp3', 'uploads/musicas/rnb3.mp3', NULL, 'uploads/fotos/img_303.jpg', 366),
                                                                                                                             ('Twilight Pulse', 'Perin', 'Twilight Pulse - An immersive journey in sound.', '2023-11-18', 'mp3', 'uploads/musicas/rnb4.mp3', NULL, 'uploads/fotos/img_304.jpg', 57),
                                                                                                                             ('Twilight Drive', 'Perin', 'Twilight Drive - An immersive journey in sound.', '2023-02-14', 'mp3', 'uploads/musicas/rnb5.mp3', NULL, 'uploads/fotos/img_305.jpg', 604),
                                                                                                                             ('Twilight Within', 'Perin', 'Twilight Within - An immersive journey in sound.', '2023-11-11', 'mp3', 'uploads/musicas/rnb6.mp3', NULL, 'uploads/fotos/img_306.jpg', 643),
                                                                                                                             ('Twilight Bloom', 'Quinn', 'Twilight Bloom - An immersive journey in sound.', '2023-12-20', 'mp3', 'uploads/musicas/rnb7.mp3', NULL, 'uploads/fotos/img_307.jpg', 461),
                                                                                                                             ('Twilight Lights', 'Quinn', 'Twilight Lights - An immersive journey in sound.', '2023-05-26', 'mp3', 'uploads/musicas/rnb8.mp3', NULL, 'uploads/fotos/img_308.jpg', 733),
                                                                                                                             ('Twilight Drift', 'Quinn', 'Twilight Drift - An immersive journey in sound.', '2023-10-27', 'mp3', 'uploads/musicas/rnb9.mp3', NULL, 'uploads/fotos/img_309.jpg', 829),
                                                                                                                             ('Twilight Wave', 'Quinn', 'Twilight Wave - An immersive journey in sound.', '2023-10-20', 'mp3', 'uploads/musicas/rnb10.mp3', NULL, 'uploads/fotos/img_310.jpg', 622),
                                                                                                                             ('Twilight Tide', 'Quinn', 'Twilight Tide - An immersive journey in sound.', '2023-05-04', 'mp3', 'uploads/musicas/rnb11.mp3', NULL, 'uploads/fotos/img_311.jpg', 497),
                                                                                                                             ('Twilight Mirage', 'Quinn', 'Twilight Mirage - An immersive journey in sound.', '2023-05-06', 'mp3', 'uploads/musicas/rnb12.mp3', NULL, 'uploads/fotos/img_312.jpg', 547),
                                                                                                                             ('Twilight Groove', 'Quinn', 'Twilight Groove - An immersive journey in sound.', '2023-10-14', 'mp3', 'uploads/musicas/rnb13.mp3', NULL, 'uploads/fotos/img_313.jpg', 591),
                                                                                                                             ('Twilight Steps', 'Quinn', 'Twilight Steps - An immersive journey in sound.', '2023-11-12', 'mp3', 'uploads/musicas/rnb14.mp3', NULL, 'uploads/fotos/img_314.jpg', 811),
                                                                                                                             ('Twilight Sky', 'Rowan', 'Twilight Sky - An immersive journey in sound.', '2023-07-23', 'mp3', 'uploads/musicas/rnb15.mp3', NULL, 'uploads/fotos/img_315.jpg', 709),
                                                                                                                             ('Twilight Rush', 'Rowan', 'Twilight Rush - An immersive journey in sound.', '2023-12-07', 'mp3', 'uploads/musicas/rnb16.mp3', NULL, 'uploads/fotos/img_316.jpg', 841),
                                                                                                                             ('Twilight Calls', 'Rowan', 'Twilight Calls - An immersive journey in sound.', '2023-07-01', 'mp3', 'uploads/musicas/rnb17.mp3', NULL, 'uploads/fotos/img_317.jpg', 624),
                                                                                                                             ('Twilight Flight', 'Rowan', 'Twilight Flight - An immersive journey in sound.', '2023-04-07', 'mp3', 'uploads/musicas/rnb18.mp3', NULL, 'uploads/fotos/img_318.jpg', 788),
                                                                                                                             ('Twilight Dream', 'Rowan', 'Twilight Dream - An immersive journey in sound.', '2023-08-15', 'mp3', 'uploads/musicas/rnb19.mp3', NULL, 'uploads/fotos/img_319.jpg', 22),
                                                                                                                             ('Twilight Storm', 'Rowan', 'Twilight Storm - An immersive journey in sound.', '2023-11-20', 'mp3', 'uploads/musicas/rnb20.mp3', NULL, 'uploads/fotos/img_320.jpg', 94),
                                                                                                                             ('Twilight Whispers', 'Rowan', 'Twilight Whispers - An immersive journey in sound.', '2023-06-03', 'mp3', 'uploads/musicas/rnb21.mp3', NULL, 'uploads/fotos/img_321.jpg', 103),
                                                                                                                             ('Twilight Vision', 'Rowan', 'Twilight Vision - An immersive journey in sound.', '2023-09-28', 'mp3', 'uploads/musicas/rnb22.mp3', NULL, 'uploads/fotos/img_322.jpg', 903),
                                                                                                                             ('Twilight Reverie', 'Seraphine', 'Twilight Reverie - An immersive journey in sound.', '2023-06-22', 'mp3', 'uploads/musicas/rnb23.mp3', NULL, 'uploads/fotos/img_323.jpg', 302),
                                                                                                                             ('Twilight Realm', 'Seraphine', 'Twilight Realm - An immersive journey in sound.', '2023-02-05', 'mp3', 'uploads/musicas/rnb24.mp3', NULL, 'uploads/fotos/img_324.jpg', 436),
                                                                                                                             ('Twilight Beat', 'Seraphine', 'Twilight Beat - An immersive journey in sound.', '2023-07-12', 'mp3', 'uploads/musicas/rnb25.mp3', NULL, 'uploads/fotos/img_325.jpg', 582),
                                                                                                                             ('Shadow Flow', 'Seraphine', 'Shadow Flow - An immersive journey in sound.', '2023-04-30', 'mp3', 'uploads/musicas/rnb26.mp3', NULL, 'uploads/fotos/img_326.jpg', 852),
                                                                                                                             ('Shadow Echo', 'Seraphine', 'Shadow Echo - An immersive journey in sound.', '2023-01-21', 'mp3', 'uploads/musicas/rnb27.mp3', NULL, 'uploads/fotos/img_327.jpg', 61),
                                                                                                                             ('Shadow Scape', 'Seraphine', 'Shadow Scape - An immersive journey in sound.', '2023-05-09', 'mp3', 'uploads/musicas/rnb28.mp3', NULL, 'uploads/fotos/img_328.jpg', 9),
                                                                                                                             ('Shadow Pulse', 'Seraphine', 'Shadow Pulse - An immersive journey in sound.', '2023-11-25', 'mp3', 'uploads/musicas/rnb29.mp3', NULL, 'uploads/fotos/img_329.jpg', 802),
                                                                                                                             ('Shadow Drive', 'Torin', 'Shadow Drive - An immersive journey in sound.', '2023-03-18', 'mp3', 'uploads/musicas/rnb30.mp3', NULL, 'uploads/fotos/img_330.jpg', 847),
                                                                                                                             ('Shadow Within', 'Torin', 'Shadow Within - An immersive journey in sound.', '2023-01-18', 'mp3', 'uploads/musicas/rock1.mp3', NULL, 'uploads/fotos/img_331.jpg', 855),
                                                                                                                             ('Shadow Bloom', 'Torin', 'Shadow Bloom - An immersive journey in sound.', '2023-03-26', 'mp3', 'uploads/musicas/rock2.mp3', NULL, 'uploads/fotos/img_332.jpg', 540),
                                                                                                                             ('Shadow Lights', 'Torin', 'Shadow Lights - An immersive journey in sound.', '2023-08-07', 'mp3', 'uploads/musicas/rock3.mp3', NULL, 'uploads/fotos/img_333.jpg', 244),
                                                                                                                             ('Shadow Drift', 'Torin', 'Shadow Drift - An immersive journey in sound.', '2023-01-30', 'mp3', 'uploads/musicas/rock4.mp3', NULL, 'uploads/fotos/img_334.jpg', 640),
                                                                                                                             ('Shadow Wave', 'Torin', 'Shadow Wave - An immersive journey in sound.', '2023-06-18', 'mp3', 'uploads/musicas/rock5.mp3', NULL, 'uploads/fotos/img_335.jpg', 688),
                                                                                                                             ('Shadow Tide', 'Umber', 'Shadow Tide - An immersive journey in sound.', '2023-01-03', 'mp3', 'uploads/musicas/rock6.mp3', NULL, 'uploads/fotos/img_336.jpg', 630),
                                                                                                                             ('Shadow Mirage', 'Umber', 'Shadow Mirage - An immersive journey in sound.', '2023-01-09', 'mp3', 'uploads/musicas/rock7.mp3', NULL, 'uploads/fotos/img_337.jpg', 735),
                                                                                                                             ('Shadow Groove', 'Umber', 'Shadow Groove - An immersive journey in sound.', '2023-07-05', 'mp3', 'uploads/musicas/rock8.mp3', NULL, 'uploads/fotos/img_338.jpg', 24),
                                                                                                                             ('Shadow Steps', 'Umber', 'Shadow Steps - An immersive journey in sound.', '2023-07-23', 'mp3', 'uploads/musicas/rock9.mp3', NULL, 'uploads/fotos/img_339.jpg', 541),
                                                                                                                             ('Shadow Sky', 'Umber', 'Shadow Sky - An immersive journey in sound.', '2023-08-20', 'mp3', 'uploads/musicas/rock10.mp3', NULL, 'uploads/fotos/img_340.jpg', 485),
                                                                                                                             ('Shadow Rush', 'Valko', 'Shadow Rush - An immersive journey in sound.', '2023-01-08', 'mp3', 'uploads/musicas/rock11.mp3', NULL, 'uploads/fotos/img_341.jpg', 253),
                                                                                                                             ('Shadow Calls', 'Valko', 'Shadow Calls - An immersive journey in sound.', '2023-09-29', 'mp3', 'uploads/musicas/rock12.mp3', NULL, 'uploads/fotos/img_342.jpg', 890),
                                                                                                                             ('Shadow Flight', 'Valko', 'Shadow Flight - An immersive journey in sound.', '2023-05-12', 'mp3', 'uploads/musicas/rock13.mp3', NULL, 'uploads/fotos/img_343.jpg', 488),
                                                                                                                             ('Shadow Dream', 'Valko', 'Shadow Dream - An immersive journey in sound.', '2023-03-05', 'mp3', 'uploads/musicas/rock14.mp3', NULL, 'uploads/fotos/img_344.jpg', 26),
                                                                                                                             ('Shadow Storm', 'Valko', 'Shadow Storm - An immersive journey in sound.', '2023-06-24', 'mp3', 'uploads/musicas/rock15.mp3', NULL, 'uploads/fotos/img_345.jpg', 587),
                                                                                                                             ('Shadow Whispers', 'Valko', 'Shadow Whispers - An immersive journey in sound.', '2023-03-05', 'mp3', 'uploads/musicas/rock16.mp3', NULL, 'uploads/fotos/img_346.jpg', 305),
                                                                                                                             ('Shadow Vision', 'Valko', 'Shadow Vision - An immersive journey in sound.', '2023-03-26', 'mp3', 'uploads/musicas/rock17.mp3', NULL, 'uploads/fotos/img_347.jpg', 264),
                                                                                                                             ('Shadow Reverie', 'Valko', 'Shadow Reverie - An immersive journey in sound.', '2023-11-07', 'mp3', 'uploads/musicas/rock18.mp3', NULL, 'uploads/fotos/img_348.jpg', 287),
                                                                                                                             ('Shadow Realm', 'Valko', 'Shadow Realm - An immersive journey in sound.', '2023-05-07', 'mp3', 'uploads/musicas/rock19.mp3', NULL, 'uploads/fotos/img_349.jpg', 259),
                                                                                                                             ('Shadow Beat', 'Valko', 'Shadow Beat - An immersive journey in sound.', '2023-10-15', 'mp3', 'uploads/musicas/rock20.mp3', NULL, 'uploads/fotos/img_350.jpg', 772),
                                                                                                                             ('Velvet Flow', 'Winry', 'Velvet Flow - An immersive journey in sound.', '2023-06-12', 'mp3', 'uploads/musicas/rock21.mp3', NULL, 'uploads/fotos/img_351.jpg', 472),
                                                                                                                             ('Velvet Echo', 'Winry', 'Velvet Echo - An immersive journey in sound.', '2023-09-06', 'mp3', 'uploads/musicas/rock22.mp3', NULL, 'uploads/fotos/img_352.jpg', 720),
                                                                                                                             ('Velvet Scape', 'Winry', 'Velvet Scape - An immersive journey in sound.', '2023-02-11', 'mp3', 'uploads/musicas/rock23.mp3', NULL, 'uploads/fotos/img_353.jpg', 986),
                                                                                                                             ('Velvet Pulse', 'Winry', 'Velvet Pulse - An immersive journey in sound.', '2023-10-06', 'mp3', 'uploads/musicas/rock24.mp3', NULL, 'uploads/fotos/img_354.jpg', 724),
                                                                                                                             ('Velvet Drive', 'Winry', 'Velvet Drive - An immersive journey in sound.', '2023-09-07', 'mp3', 'uploads/musicas/rock25.mp3', NULL, 'uploads/fotos/img_355.jpg', 371),
                                                                                                                             ('Velvet Within', 'Xanthe', 'Velvet Within - An immersive journey in sound.', '2023-12-30', 'mp3', 'uploads/musicas/rock26.mp3', NULL, 'uploads/fotos/img_356.jpg', 266),
                                                                                                                             ('Velvet Bloom', 'Xanthe', 'Velvet Bloom - An immersive journey in sound.', '2023-09-07', 'mp3', 'uploads/musicas/rock27.mp3', NULL, 'uploads/fotos/img_357.jpg', 215),
                                                                                                                             ('Velvet Lights', 'Xanthe', 'Velvet Lights - An immersive journey in sound.', '2023-03-20', 'mp3', 'uploads/musicas/rock28.mp3', NULL, 'uploads/fotos/img_358.jpg', 938),
                                                                                                                             ('Velvet Drift', 'Xanthe', 'Velvet Drift - An immersive journey in sound.', '2023-08-01', 'mp3', 'uploads/musicas/rock29.mp3', NULL, 'uploads/fotos/img_359.jpg', 112),
                                                                                                                             ('Velvet Wave', 'Xanthe', 'Velvet Wave - An immersive journey in sound.', '2023-07-13', 'mp3', 'uploads/musicas/rock30.mp3', NULL, 'uploads/fotos/img_360.jpg', 141);


-- 11. Musica_Categoria
-- População da tabela Musica_Categoria
INSERT INTO Musica_Categoria (musica_id, nome_categoria) VALUES
                                                             (1, 'Chill'), (2, 'Chill'), (3, 'Chill'), (4, 'Chill'), (5, 'Chill'),
                                                             (6, 'Chill'), (7, 'Chill'), (8, 'Chill'), (9, 'Chill'), (10, 'Chill'),
                                                             (11, 'Chill'), (12, 'Chill'), (13, 'Chill'), (14, 'Chill'), (15, 'Chill'),
                                                             (16, 'Chill'), (17, 'Chill'), (18, 'Chill'), (19, 'Chill'), (20, 'Chill'),
                                                             (21, 'Chill'), (22, 'Chill'), (23, 'Chill'), (24, 'Chill'), (25, 'Chill'),
                                                             (26, 'Chill'), (27, 'Chill'), (28, 'Chill'), (29, 'Chill'), (30, 'Chill'),
                                                             (31, 'Classical'), (32, 'Classical'), (33, 'Classical'), (34, 'Classical'), (35, 'Classical'),
                                                             (36, 'Classical'), (37, 'Classical'), (38, 'Classical'), (39, 'Classical'), (40, 'Classical'),
                                                             (41, 'Classical'), (42, 'Classical'), (43, 'Classical'), (44, 'Classical'), (45, 'Classical'),
                                                             (46, 'Classical'), (47, 'Classical'), (48, 'Classical'), (49, 'Classical'), (50, 'Classical'),
                                                             (51, 'Classical'), (52, 'Classical'), (53, 'Classical'), (54, 'Classical'), (55, 'Classical'),
                                                             (56, 'Classical'), (57, 'Classical'), (58, 'Classical'), (59, 'Classical'), (60, 'Classical'),
                                                             (61, 'Hip-Hop'), (62, 'Hip-Hop'), (63, 'Hip-Hop'), (64, 'Hip-Hop'), (65, 'Hip-Hop'),
                                                             (66, 'Hip-Hop'), (67, 'Hip-Hop'), (68, 'Hip-Hop'), (69, 'Hip-Hop'), (70, 'Hip-Hop'),
                                                             (71, 'Hip-Hop'), (72, 'Hip-Hop'), (73, 'Hip-Hop'), (74, 'Hip-Hop'), (75, 'Hip-Hop'),
                                                             (76, 'Hip-Hop'), (77, 'Hip-Hop'), (78, 'Hip-Hop'), (79, 'Hip-Hop'), (80, 'Hip-Hop'),
                                                             (81, 'Hip-Hop'), (82, 'Hip-Hop'), (83, 'Hip-Hop'), (84, 'Hip-Hop'), (85, 'Hip-Hop'),
                                                             (86, 'Hip-Hop'), (87, 'Hip-Hop'), (88, 'Hip-Hop'), (89, 'Hip-Hop'), (90, 'Hip-Hop'),
                                                             (91, 'House'), (92, 'House'), (93, 'House'), (94, 'House'), (95, 'House'),
                                                             (96, 'House'), (97, 'House'), (98, 'House'), (99, 'House'), (100, 'House'),
                                                             (101, 'House'), (102, 'House'), (103, 'House'), (104, 'House'), (105, 'House'),
                                                             (106, 'House'), (107, 'House'), (108, 'House'), (109, 'House'), (110, 'House'),
                                                             (111, 'House'), (112, 'House'), (113, 'House'), (114, 'House'), (115, 'House'),
                                                             (116, 'House'), (117, 'House'), (118, 'House'), (119, 'House'), (120, 'House'),
                                                             (121, 'Indie'), (122, 'Indie'), (123, 'Indie'), (124, 'Indie'), (125, 'Indie'),
                                                             (126, 'Indie'), (127, 'Indie'), (128, 'Indie'), (129, 'Indie'), (130, 'Indie'),
                                                             (131, 'Indie'), (132, 'Indie'), (133, 'Indie'), (134, 'Indie'), (135, 'Indie'),
                                                             (136, 'Indie'), (137, 'Indie'), (138, 'Indie'), (139, 'Indie'), (140, 'Indie'),
                                                             (141, 'Indie'), (142, 'Indie'), (143, 'Indie'), (144, 'Indie'), (145, 'Indie'),
                                                             (146, 'Indie'), (147, 'Indie'), (148, 'Indie'), (149, 'Indie'), (150, 'Indie'),
                                                             (151, 'Jazz'), (152, 'Jazz'), (153, 'Jazz'), (154, 'Jazz'), (155, 'Jazz'),
                                                             (156, 'Jazz'), (157, 'Jazz'), (158, 'Jazz'), (159, 'Jazz'), (160, 'Jazz'),
                                                             (161, 'Jazz'), (162, 'Jazz'), (163, 'Jazz'), (164, 'Jazz'), (165, 'Jazz'),
                                                             (166, 'Jazz'), (167, 'Jazz'), (168, 'Jazz'), (169, 'Jazz'), (170, 'Jazz'),
                                                             (171, 'Jazz'), (172, 'Jazz'), (173, 'Jazz'), (174, 'Jazz'), (175, 'Jazz'),
                                                             (176, 'Jazz'), (177, 'Jazz'), (178, 'Jazz'), (179, 'Jazz'), (180, 'Jazz'),
                                                             (181, 'Latino'), (182, 'Latino'), (183, 'Latino'), (184, 'Latino'), (185, 'Latino'),
                                                             (186, 'Latino'), (187, 'Latino'), (188, 'Latino'), (189, 'Latino'), (190, 'Latino'),
                                                             (191, 'Latino'), (192, 'Latino'), (193, 'Latino'), (194, 'Latino'), (195, 'Latino'),
                                                             (196, 'Latino'), (197, 'Latino'), (198, 'Latino'), (199, 'Latino'), (200, 'Latino'),
                                                             (201, 'Latino'), (202, 'Latino'), (203, 'Latino'), (204, 'Latino'), (205, 'Latino'),
                                                             (206, 'Latino'), (207, 'Latino'), (208, 'Latino'), (209, 'Latino'), (210, 'Latino'),
                                                             (211, 'Metal'), (212, 'Metal'), (213, 'Metal'), (214, 'Metal'), (215, 'Metal'),
                                                             (216, 'Metal'), (217, 'Metal'), (218, 'Metal'), (219, 'Metal'), (220, 'Metal'),
                                                             (221, 'Metal'), (222, 'Metal'), (223, 'Metal'), (224, 'Metal'), (225, 'Metal'),
                                                             (226, 'Metal'), (227, 'Metal'), (228, 'Metal'), (229, 'Metal'), (230, 'Metal'),
                                                             (231, 'Metal'), (232, 'Metal'), (233, 'Metal'), (234, 'Metal'), (235, 'Metal'),
                                                             (236, 'Metal'), (237, 'Metal'), (238, 'Metal'), (239, 'Metal'), (240, 'Metal'),
                                                             (241, 'Pop'), (242, 'Pop'), (243, 'Pop'), (244, 'Pop'), (245, 'Pop'),
                                                             (246, 'Pop'), (247, 'Pop'), (248, 'Pop'), (249, 'Pop'), (250, 'Pop'),
                                                             (251, 'Pop'), (252, 'Pop'), (253, 'Pop'), (254, 'Pop'), (255, 'Pop'),
                                                             (256, 'Pop'), (257, 'Pop'), (258, 'Pop'), (259, 'Pop'), (260, 'Pop'),
                                                             (261, 'Pop'), (262, 'Pop'), (263, 'Pop'), (264, 'Pop'), (265, 'Pop'),
                                                             (266, 'Pop'), (267, 'Pop'), (268, 'Pop'), (269, 'Pop'), (270, 'Pop'),
                                                             (271, 'Reggae'), (272, 'Reggae'), (273, 'Reggae'), (274, 'Reggae'), (275, 'Reggae'),
                                                             (276, 'Reggae'), (277, 'Reggae'), (278, 'Reggae'), (279, 'Reggae'), (280, 'Reggae'),
                                                             (281, 'Reggae'), (282, 'Reggae'), (283, 'Reggae'), (284, 'Reggae'), (285, 'Reggae'),
                                                             (286, 'Reggae'), (287, 'Reggae'), (288, 'Reggae'), (289, 'Reggae'), (290, 'Reggae'),
                                                             (291, 'Reggae'), (292, 'Reggae'), (293, 'Reggae'), (294, 'Reggae'), (295, 'Reggae'),
                                                             (296, 'Reggae'), (297, 'Reggae'), (298, 'Reggae'), (299, 'Reggae'), (300, 'Reggae'),
                                                             (301, 'Rnb'), (302, 'Rnb'), (303, 'Rnb'), (304, 'Rnb'), (305, 'Rnb'),
                                                             (306, 'Rnb'), (307, 'Rnb'), (308, 'Rnb'), (309, 'Rnb'), (310, 'Rnb'),
                                                             (311, 'Rnb'), (312, 'Rnb'), (313, 'Rnb'), (314, 'Rnb'), (315, 'Rnb'),
                                                             (316, 'Rnb'), (317, 'Rnb'), (318, 'Rnb'), (319, 'Rnb'), (320, 'Rnb'),
                                                             (321, 'Rnb'), (322, 'Rnb'), (323, 'Rnb'), (324, 'Rnb'), (325, 'Rnb'),
                                                             (326, 'Rnb'), (327, 'Rnb'), (328, 'Rnb'), (329, 'Rnb'), (330, 'Rnb'),
                                                             (331, 'Rock'), (332, 'Rock'), (333, 'Rock'), (334, 'Rock'), (335, 'Rock'),
                                                             (336, 'Rock'), (337, 'Rock'), (338, 'Rock'), (339, 'Rock'), (340, 'Rock'),
                                                             (341, 'Rock'), (342, 'Rock'), (343, 'Rock'), (344, 'Rock'), (345, 'Rock'),
                                                             (346, 'Rock'), (347, 'Rock'), (348, 'Rock'), (349, 'Rock'), (350, 'Rock'),
                                                             (351, 'Rock'), (352, 'Rock'), (353, 'Rock'), (354, 'Rock'), (355, 'Rock'),
                                                             (356, 'Rock'), (357, 'Rock'), (358, 'Rock'), (359, 'Rock'), (360, 'Rock');


INSERT INTO Badge (nome, threshold, tier, descricao) VALUES
                                                         -- Publisher: for publishing songs
                                                         ('Publisher', 1,  'bronze', 'Published your first song'),
                                                         ('Publisher', 5,  'silver', 'Published 5 songs'),
                                                         ('Publisher', 15, 'gold',   'Published 15 songs'),

                                                         -- Follower: for following users
                                                         ('Follower', 5,  'bronze', 'Followed 5 users'),
                                                         ('Follower', 20, 'silver', 'Followed 20 users'),
                                                         ('Follower', 50, 'gold',   'Followed 50 users'),

                                                         -- Participant: for joining events
                                                         ('Participant', 1,  'bronze', 'Joined your first live event'),
                                                         ('Participant', 5,  'silver', 'Joined 5 live events'),
                                                         ('Participant', 20, 'gold',   'Joined 20 live events'),

                                                         -- Listener: for playing music
                                                         ('Listener', 10,  'bronze', 'Listened to 10 tracks'),
                                                         ('Listener', 50,  'silver', 'Listened to 50 tracks'),
                                                         ('Listener', 200, 'gold',   'Listened to 200 tracks'),

                                                         -- Curator: for creating playlists
                                                         ('Curator', 1,  'bronze', 'Created your first playlist'),
                                                         ('Curator', 5,  'silver', 'Created 5 playlists'),
                                                         ('Curator', 10, 'gold',   'Created 10 playlists'),

                                                         -- Appreciator: for liking content
                                                         ('Appreciator', 10,  'bronze', 'Liked 10 pieces of content'),
                                                         ('Appreciator', 30,  'silver', 'Liked 30 pieces of content'),
                                                         ('Appreciator', 100, 'gold',   'Liked 100 pieces of content');


-- 5. Utilizador_Badge
-- População da tabela Utilizador_Badge
INSERT INTO Utilizador_Badge (nome_utilizador, badge_nome, badge_tier, data_atribuicao) VALUES
                                                                                            ('Blake', 'Publisher', 'bronze', CURRENT_DATE),
                                                                                            ('Blake', 'Publisher', 'silver', CURRENT_DATE),
                                                                                            ('Blake', 'Curator', 'bronze', CURRENT_DATE),
                                                                                            ('Blake', 'Appreciator', 'bronze', CURRENT_DATE),
                                                                                            ('Blake', 'Participant', 'bronze', CURRENT_DATE),
                                                                                            ('Blake', 'Listener', 'bronze', CURRENT_DATE),
                                                                                            ('Caron', 'Publisher', 'bronze', CURRENT_DATE),
                                                                                            ('Caron', 'Publisher', 'silver', CURRENT_DATE),
                                                                                            ('Caron', 'Curator', 'bronze', CURRENT_DATE),
                                                                                            ('Caron', 'Appreciator', 'bronze', CURRENT_DATE),
                                                                                            ('Caron', 'Participant', 'bronze', CURRENT_DATE),
                                                                                            ('Caron', 'Participant', 'silver', CURRENT_DATE),
                                                                                            ('Dorian', 'Publisher', 'bronze', CURRENT_DATE),
                                                                                            ('Dorian', 'Publisher', 'silver', CURRENT_DATE),
                                                                                            ('Dorian', 'Curator', 'bronze', CURRENT_DATE),
                                                                                            ('Dorian', 'Appreciator', 'bronze', CURRENT_DATE),
                                                                                            ('Dorian', 'Follower', 'bronze', CURRENT_DATE),
                                                                                            ('Elara', 'Publisher', 'bronze', CURRENT_DATE),
                                                                                            ('Elara', 'Publisher', 'silver', CURRENT_DATE),
                                                                                            ('Elara', 'Curator', 'bronze', CURRENT_DATE),
                                                                                            ('Elara', 'Appreciator', 'bronze', CURRENT_DATE),
                                                                                            ('Elara', 'Listener', 'bronze', CURRENT_DATE),
                                                                                            ('Finnian', 'Publisher', 'bronze', CURRENT_DATE),
                                                                                            ('Finnian', 'Publisher', 'silver', CURRENT_DATE),
                                                                                            ('Finnian', 'Curator', 'bronze', CURRENT_DATE),
                                                                                            ('Finnian', 'Appreciator', 'bronze', CURRENT_DATE),
                                                                                            ('Finnian', 'Participant', 'bronze', CURRENT_DATE),
                                                                                            ('Finnian', 'Listener', 'bronze', CURRENT_DATE),
                                                                                            ('Gael', 'Publisher', 'bronze', CURRENT_DATE),
                                                                                            ('Gael', 'Publisher', 'silver', CURRENT_DATE),
                                                                                            ('Gael', 'Curator', 'bronze', CURRENT_DATE),
                                                                                            ('Gael', 'Follower', 'bronze', CURRENT_DATE),
                                                                                            ('Halston', 'Publisher', 'bronze', CURRENT_DATE),
                                                                                            ('Halston', 'Publisher', 'silver', CURRENT_DATE),
                                                                                            ('Halston', 'Curator', 'bronze', CURRENT_DATE),
                                                                                            ('Halston', 'Follower', 'bronze', CURRENT_DATE),
                                                                                            ('Halston', 'Listener', 'bronze', CURRENT_DATE),
                                                                                            ('Isolde', 'Publisher', 'bronze', CURRENT_DATE),
                                                                                            ('Isolde', 'Publisher', 'silver', CURRENT_DATE),
                                                                                            ('Isolde', 'Curator', 'bronze', CURRENT_DATE),
                                                                                            ('Isolde', 'Appreciator', 'bronze', CURRENT_DATE),
                                                                                            ('Isolde', 'Follower', 'bronze', CURRENT_DATE),
                                                                                            ('Jareth', 'Publisher', 'bronze', CURRENT_DATE),
                                                                                            ('Jareth', 'Publisher', 'silver', CURRENT_DATE),
                                                                                            ('Jareth', 'Curator', 'bronze', CURRENT_DATE),
                                                                                            ('Jareth', 'Appreciator', 'bronze', CURRENT_DATE),
                                                                                            ('Jareth', 'Listener', 'bronze', CURRENT_DATE),
                                                                                            ('Kaelin', 'Publisher', 'bronze', CURRENT_DATE),
                                                                                            ('Kaelin', 'Publisher', 'silver', CURRENT_DATE),
                                                                                            ('Kaelin', 'Curator', 'bronze', CURRENT_DATE),
                                                                                            ('Kaelin', 'Listener', 'bronze', CURRENT_DATE),
                                                                                            ('Lirien', 'Publisher', 'bronze', CURRENT_DATE),
                                                                                            ('Lirien', 'Publisher', 'silver', CURRENT_DATE),
                                                                                            ('Lirien', 'Curator', 'bronze', CURRENT_DATE),
                                                                                            ('Lirien', 'Appreciator', 'bronze', CURRENT_DATE),
                                                                                            ('Mirek', 'Publisher', 'bronze', CURRENT_DATE),
                                                                                            ('Mirek', 'Publisher', 'silver', CURRENT_DATE),
                                                                                            ('Mirek', 'Curator', 'bronze', CURRENT_DATE),
                                                                                            ('Mirek', 'Appreciator', 'bronze', CURRENT_DATE),
                                                                                            ('Mirek', 'Participant', 'bronze', CURRENT_DATE),
                                                                                            ('Mirek', 'Listener', 'bronze', CURRENT_DATE),
                                                                                            ('Nyssa', 'Publisher', 'bronze', CURRENT_DATE),
                                                                                            ('Nyssa', 'Publisher', 'silver', CURRENT_DATE),
                                                                                            ('Nyssa', 'Participant', 'bronze', CURRENT_DATE),
                                                                                            ('Nyssa', 'Listener', 'bronze', CURRENT_DATE),
                                                                                            ('Orion', 'Publisher', 'bronze', CURRENT_DATE),
                                                                                            ('Orion', 'Publisher', 'silver', CURRENT_DATE),
                                                                                            ('Orion', 'Follower', 'bronze', CURRENT_DATE),
                                                                                            ('Orion', 'Listener', 'bronze', CURRENT_DATE),
                                                                                            ('Phaedra', 'Publisher', 'bronze', CURRENT_DATE),
                                                                                            ('Phaedra', 'Publisher', 'silver', CURRENT_DATE),
                                                                                            ('Quillon', 'Publisher', 'bronze', CURRENT_DATE),
                                                                                            ('Quillon', 'Publisher', 'silver', CURRENT_DATE),
                                                                                            ('Quillon', 'Appreciator', 'bronze', CURRENT_DATE),
                                                                                            ('Quillon', 'Listener', 'bronze', CURRENT_DATE),
                                                                                            ('Riven', 'Publisher', 'bronze', CURRENT_DATE),
                                                                                            ('Riven', 'Publisher', 'silver', CURRENT_DATE),
                                                                                            ('Riven', 'Listener', 'bronze', CURRENT_DATE),
                                                                                            ('Sylas', 'Publisher', 'bronze', CURRENT_DATE),
                                                                                            ('Sylas', 'Publisher', 'silver', CURRENT_DATE),
                                                                                            ('Thalia', 'Publisher', 'bronze', CURRENT_DATE),
                                                                                            ('Thalia', 'Publisher', 'silver', CURRENT_DATE),
                                                                                            ('Thalia', 'Listener', 'bronze', CURRENT_DATE),
                                                                                            ('Ulric', 'Publisher', 'bronze', CURRENT_DATE),
                                                                                            ('Ulric', 'Publisher', 'silver', CURRENT_DATE),
                                                                                            ('Ulric', 'Appreciator', 'bronze', CURRENT_DATE),
                                                                                            ('Ulric', 'Listener', 'bronze', CURRENT_DATE),
                                                                                            ('Vesper', 'Publisher', 'bronze', CURRENT_DATE),
                                                                                            ('Vesper', 'Publisher', 'silver', CURRENT_DATE),
                                                                                            ('Vesper', 'Appreciator', 'bronze', CURRENT_DATE),
                                                                                            ('Vesper', 'Participant', 'bronze', CURRENT_DATE),
                                                                                            ('Vesper', 'Participant', 'silver', CURRENT_DATE),
                                                                                            ('Vesper', 'Listener', 'bronze', CURRENT_DATE),
                                                                                            ('Wren', 'Publisher', 'bronze', CURRENT_DATE),
                                                                                            ('Wren', 'Publisher', 'silver', CURRENT_DATE),
                                                                                            ('Wren', 'Appreciator', 'bronze', CURRENT_DATE),
                                                                                            ('Wren', 'Follower', 'bronze', CURRENT_DATE),
                                                                                            ('Wren', 'Participant', 'bronze', CURRENT_DATE),
                                                                                            ('Wren', 'Listener', 'bronze', CURRENT_DATE),
                                                                                            ('Xavian', 'Publisher', 'bronze', CURRENT_DATE),
                                                                                            ('Xavian', 'Publisher', 'silver', CURRENT_DATE),
                                                                                            ('Xavian', 'Follower', 'bronze', CURRENT_DATE),
                                                                                            ('Xavian', 'Participant', 'bronze', CURRENT_DATE),
                                                                                            ('Xavian', 'Listener', 'bronze', CURRENT_DATE),
                                                                                            ('Ysolde', 'Publisher', 'bronze', CURRENT_DATE),
                                                                                            ('Ysolde', 'Publisher', 'silver', CURRENT_DATE),
                                                                                            ('Ysolde', 'Participant', 'bronze', CURRENT_DATE),
                                                                                            ('Ysolde', 'Listener', 'bronze', CURRENT_DATE),
                                                                                            ('Zarek', 'Publisher', 'bronze', CURRENT_DATE),
                                                                                            ('Zarek', 'Publisher', 'silver', CURRENT_DATE),
                                                                                            ('Zarek', 'Listener', 'bronze', CURRENT_DATE),
                                                                                            ('Aveline', 'Publisher', 'bronze', CURRENT_DATE),
                                                                                            ('Aveline', 'Publisher', 'silver', CURRENT_DATE),
                                                                                            ('Aveline', 'Participant', 'bronze', CURRENT_DATE),
                                                                                            ('Bastian', 'Publisher', 'bronze', CURRENT_DATE),
                                                                                            ('Bastian', 'Publisher', 'silver', CURRENT_DATE),
                                                                                            ('Bastian', 'Follower', 'bronze', CURRENT_DATE),
                                                                                            ('Caelum', 'Publisher', 'bronze', CURRENT_DATE),
                                                                                            ('Caelum', 'Publisher', 'silver', CURRENT_DATE),
                                                                                            ('Delwyn', 'Publisher', 'bronze', CURRENT_DATE),
                                                                                            ('Delwyn', 'Publisher', 'silver', CURRENT_DATE),
                                                                                            ('Delwyn', 'Listener', 'bronze', CURRENT_DATE),
                                                                                            ('Emric', 'Publisher', 'bronze', CURRENT_DATE),
                                                                                            ('Emric', 'Publisher', 'silver', CURRENT_DATE),
                                                                                            ('Emric', 'Appreciator', 'bronze', CURRENT_DATE),
                                                                                            ('Emric', 'Listener', 'bronze', CURRENT_DATE),
                                                                                            ('Freya', 'Publisher', 'bronze', CURRENT_DATE),
                                                                                            ('Freya', 'Publisher', 'silver', CURRENT_DATE),
                                                                                            ('Freya', 'Listener', 'bronze', CURRENT_DATE),
                                                                                            ('Gideon', 'Publisher', 'bronze', CURRENT_DATE),
                                                                                            ('Gideon', 'Publisher', 'silver', CURRENT_DATE),
                                                                                            ('Gideon', 'Appreciator', 'bronze', CURRENT_DATE),
                                                                                            ('Gideon', 'Listener', 'bronze', CURRENT_DATE),
                                                                                            ('Helena', 'Publisher', 'bronze', CURRENT_DATE),
                                                                                            ('Helena', 'Publisher', 'silver', CURRENT_DATE),
                                                                                            ('Helena', 'Listener', 'bronze', CURRENT_DATE),
                                                                                            ('Ivar', 'Publisher', 'bronze', CURRENT_DATE),
                                                                                            ('Ivar', 'Publisher', 'silver', CURRENT_DATE),
                                                                                            ('Juno', 'Publisher', 'bronze', CURRENT_DATE),
                                                                                            ('Juno', 'Publisher', 'silver', CURRENT_DATE),
                                                                                            ('Juno', 'Listener', 'bronze', CURRENT_DATE),
                                                                                            ('Kieran', 'Publisher', 'bronze', CURRENT_DATE),
                                                                                            ('Kieran', 'Publisher', 'silver', CURRENT_DATE),
                                                                                            ('Kieran', 'Follower', 'bronze', CURRENT_DATE),
                                                                                            ('Kieran', 'Participant', 'bronze', CURRENT_DATE),
                                                                                            ('Kieran', 'Listener', 'bronze', CURRENT_DATE),
                                                                                            ('Lyra', 'Publisher', 'bronze', CURRENT_DATE),
                                                                                            ('Lyra', 'Publisher', 'silver', CURRENT_DATE),
                                                                                            ('Malric', 'Publisher', 'bronze', CURRENT_DATE),
                                                                                            ('Malric', 'Publisher', 'silver', CURRENT_DATE),
                                                                                            ('Malric', 'Appreciator', 'bronze', CURRENT_DATE),
                                                                                            ('Nerys', 'Publisher', 'bronze', CURRENT_DATE),
                                                                                            ('Nerys', 'Publisher', 'silver', CURRENT_DATE),
                                                                                            ('Nerys', 'Follower', 'bronze', CURRENT_DATE),
                                                                                            ('Nerys', 'Participant', 'bronze', CURRENT_DATE),
                                                                                            ('Nerys', 'Listener', 'bronze', CURRENT_DATE),
                                                                                            ('Oberon', 'Publisher', 'bronze', CURRENT_DATE),
                                                                                            ('Oberon', 'Publisher', 'silver', CURRENT_DATE),
                                                                                            ('Oberon', 'Appreciator', 'bronze', CURRENT_DATE),
                                                                                            ('Oberon', 'Follower', 'bronze', CURRENT_DATE),
                                                                                            ('Oberon', 'Listener', 'bronze', CURRENT_DATE),
                                                                                            ('Perin', 'Publisher', 'bronze', CURRENT_DATE),
                                                                                            ('Perin', 'Publisher', 'silver', CURRENT_DATE),
                                                                                            ('Perin', 'Participant', 'bronze', CURRENT_DATE),
                                                                                            ('Perin', 'Listener', 'bronze', CURRENT_DATE),
                                                                                            ('Quinn', 'Publisher', 'bronze', CURRENT_DATE),
                                                                                            ('Quinn', 'Publisher', 'silver', CURRENT_DATE),
                                                                                            ('Quinn', 'Listener', 'bronze', CURRENT_DATE),
                                                                                            ('Rowan', 'Publisher', 'bronze', CURRENT_DATE),
                                                                                            ('Rowan', 'Publisher', 'silver', CURRENT_DATE),
                                                                                            ('Rowan', 'Follower', 'bronze', CURRENT_DATE),
                                                                                            ('Rowan', 'Participant', 'bronze', CURRENT_DATE),
                                                                                            ('Rowan', 'Listener', 'bronze', CURRENT_DATE),
                                                                                            ('Seraphine', 'Publisher', 'bronze', CURRENT_DATE),
                                                                                            ('Seraphine', 'Publisher', 'silver', CURRENT_DATE),
                                                                                            ('Seraphine', 'Participant', 'bronze', CURRENT_DATE),
                                                                                            ('Seraphine', 'Listener', 'bronze', CURRENT_DATE),
                                                                                            ('Torin', 'Publisher', 'bronze', CURRENT_DATE),
                                                                                            ('Torin', 'Publisher', 'silver', CURRENT_DATE),
                                                                                            ('Torin', 'Follower', 'bronze', CURRENT_DATE),
                                                                                            ('Torin', 'Participant', 'bronze', CURRENT_DATE),
                                                                                            ('Umber', 'Publisher', 'bronze', CURRENT_DATE),
                                                                                            ('Umber', 'Publisher', 'silver', CURRENT_DATE),
                                                                                            ('Umber', 'Listener', 'bronze', CURRENT_DATE),
                                                                                            ('Valko', 'Publisher', 'bronze', CURRENT_DATE),
                                                                                            ('Valko', 'Publisher', 'silver', CURRENT_DATE),
                                                                                            ('Valko', 'Follower', 'bronze', CURRENT_DATE),
                                                                                            ('Valko', 'Listener', 'bronze', CURRENT_DATE),
                                                                                            ('Winry', 'Publisher', 'bronze', CURRENT_DATE),
                                                                                            ('Winry', 'Publisher', 'silver', CURRENT_DATE),
                                                                                            ('Winry', 'Participant', 'bronze', CURRENT_DATE),
                                                                                            ('Xanthe', 'Publisher', 'bronze', CURRENT_DATE),
                                                                                            ('Xanthe', 'Publisher', 'silver', CURRENT_DATE),
                                                                                            ('Xanthe', 'Follower', 'bronze', CURRENT_DATE),
                                                                                            ('Yorick', 'Listener', 'bronze', CURRENT_DATE);


/*
-- 7. Feature (ex: músicas com participações especiais)
INSERT INTO Feature (musica_id, feature_username) VALUES
(3,'joao'), (5,'ana'), (7,'david'), (9,'maria'), (15,'ines'), (21,'bruno'), (25,'paula');

*/


-- População da tabela Playlist
INSERT INTO Playlist (nome, username, dataCriacao, privacidade, onlyPremium, foto) VALUES
                                                                                       ('Chill Vibes', 'Blake', '2025-07-20', 'publico', FALSE, 'uploads/fotos/img_001.jpg'),
                                                                                       ('Classical Moments', 'Caron', '2025-07-20', 'publico', FALSE, 'uploads/fotos/img_002.jpg'),
                                                                                       ('Hip-Hop Beats', 'Dorian', '2025-07-20', 'publico', FALSE, 'uploads/fotos/img_003.jpg'),
                                                                                       ('House Party', 'Elara', '2025-07-20', 'publico', FALSE, 'uploads/fotos/img_004.jpg'),
                                                                                       ('Indie Essentials', 'Finnian', '2025-07-20', 'publico', FALSE, 'uploads/fotos/img_005.jpg'),
                                                                                       ('Smooth Jazz', 'Gael', '2025-07-20', 'publico', FALSE, 'uploads/fotos/img_006.jpg'),
                                                                                       ('Latino Heat', 'Halston', '2025-07-20', 'publico', FALSE, 'uploads/fotos/img_007.jpg'),
                                                                                       ('Metal Storm', 'Isolde', '2025-07-20', 'publico', FALSE, 'uploads/fotos/img_008.jpg'),
                                                                                       ('Pop Parade', 'Jareth', '2025-07-20', 'publico', FALSE, 'uploads/fotos/img_009.jpg'),
                                                                                       ('Reggae Rhythm', 'Kaelin', '2025-07-20', 'publico', FALSE, 'uploads/fotos/img_010.jpg'),
                                                                                       ('RnB Grooves', 'Lirien', '2025-07-20', 'publico', FALSE, 'uploads/fotos/img_011.jpg'),
                                                                                       ('Rock Legends', 'Mirek', '2025-07-20', 'publico', FALSE, 'uploads/fotos/img_012.jpg');

-- População da tabela Playlist_Categoria
INSERT INTO Playlist_Categoria (playlist_nome, playlist_username, nome_categoria) VALUES
                                                                                      ('Chill Vibes', 'Blake', 'Chill'),
                                                                                      ('Classical Moments', 'Caron', 'Classical'),
                                                                                      ('Hip-Hop Beats', 'Dorian', 'Hip-Hop'),
                                                                                      ('House Party', 'Elara', 'House'),
                                                                                      ('Indie Essentials', 'Finnian', 'Indie'),
                                                                                      ('Smooth Jazz', 'Gael', 'Jazz'),
                                                                                      ('Latino Heat', 'Halston', 'Latino'),
                                                                                      ('Metal Storm', 'Isolde', 'Metal'),
                                                                                      ('Pop Parade', 'Jareth', 'Pop'),
                                                                                      ('Reggae Rhythm', 'Kaelin', 'Reggae'),
                                                                                      ('RnB Grooves', 'Lirien', 'Rnb'),
                                                                                      ('Rock Legends', 'Mirek', 'Rock');

-- População da tabela Playlist_Musica
INSERT INTO Playlist_Musica (playlist_nome, playlist_username, musica_id) VALUES
                                                                              ('Chill Vibes', 'Blake', 1), ('Chill Vibes', 'Blake', 2), ('Chill Vibes', 'Blake', 3), ('Chill Vibes', 'Blake', 4), ('Chill Vibes', 'Blake', 5),
                                                                              ('Chill Vibes', 'Blake', 6), ('Chill Vibes', 'Blake', 7), ('Chill Vibes', 'Blake', 8), ('Chill Vibes', 'Blake', 9), ('Chill Vibes', 'Blake', 10),
                                                                              ('Chill Vibes', 'Blake', 11), ('Chill Vibes', 'Blake', 12), ('Chill Vibes', 'Blake', 13), ('Chill Vibes', 'Blake', 14), ('Chill Vibes', 'Blake', 15),
                                                                              ('Chill Vibes', 'Blake', 16), ('Chill Vibes', 'Blake', 17), ('Chill Vibes', 'Blake', 18), ('Chill Vibes', 'Blake', 19), ('Chill Vibes', 'Blake', 20),
                                                                              ('Chill Vibes', 'Blake', 21), ('Chill Vibes', 'Blake', 22), ('Chill Vibes', 'Blake', 23), ('Chill Vibes', 'Blake', 24), ('Chill Vibes', 'Blake', 25),
                                                                              ('Chill Vibes', 'Blake', 26), ('Chill Vibes', 'Blake', 27), ('Chill Vibes', 'Blake', 28), ('Chill Vibes', 'Blake', 29), ('Chill Vibes', 'Blake', 30),
                                                                              ('Classical Moments', 'Caron', 31), ('Classical Moments', 'Caron', 32), ('Classical Moments', 'Caron', 33), ('Classical Moments', 'Caron', 34), ('Classical Moments', 'Caron', 35),
                                                                              ('Classical Moments', 'Caron', 36), ('Classical Moments', 'Caron', 37), ('Classical Moments', 'Caron', 38), ('Classical Moments', 'Caron', 39), ('Classical Moments', 'Caron', 40),
                                                                              ('Classical Moments', 'Caron', 41), ('Classical Moments', 'Caron', 42), ('Classical Moments', 'Caron', 43), ('Classical Moments', 'Caron', 44), ('Classical Moments', 'Caron', 45),
                                                                              ('Classical Moments', 'Caron', 46), ('Classical Moments', 'Caron', 47), ('Classical Moments', 'Caron', 48), ('Classical Moments', 'Caron', 49), ('Classical Moments', 'Caron', 50),
                                                                              ('Classical Moments', 'Caron', 51), ('Classical Moments', 'Caron', 52), ('Classical Moments', 'Caron', 53), ('Classical Moments', 'Caron', 54), ('Classical Moments', 'Caron', 55),
                                                                              ('Classical Moments', 'Caron', 56), ('Classical Moments', 'Caron', 57), ('Classical Moments', 'Caron', 58), ('Classical Moments', 'Caron', 59), ('Classical Moments', 'Caron', 60),
                                                                              ('Hip-Hop Beats', 'Dorian', 61), ('Hip-Hop Beats', 'Dorian', 62), ('Hip-Hop Beats', 'Dorian', 63), ('Hip-Hop Beats', 'Dorian', 64), ('Hip-Hop Beats', 'Dorian', 65),
                                                                              ('Hip-Hop Beats', 'Dorian', 66), ('Hip-Hop Beats', 'Dorian', 67), ('Hip-Hop Beats', 'Dorian', 68), ('Hip-Hop Beats', 'Dorian', 69), ('Hip-Hop Beats', 'Dorian', 70),
                                                                              ('Hip-Hop Beats', 'Dorian', 71), ('Hip-Hop Beats', 'Dorian', 72), ('Hip-Hop Beats', 'Dorian', 73), ('Hip-Hop Beats', 'Dorian', 74), ('Hip-Hop Beats', 'Dorian', 75),
                                                                              ('Hip-Hop Beats', 'Dorian', 76), ('Hip-Hop Beats', 'Dorian', 77), ('Hip-Hop Beats', 'Dorian', 78), ('Hip-Hop Beats', 'Dorian', 79), ('Hip-Hop Beats', 'Dorian', 80),
                                                                              ('Hip-Hop Beats', 'Dorian', 81), ('Hip-Hop Beats', 'Dorian', 82), ('Hip-Hop Beats', 'Dorian', 83), ('Hip-Hop Beats', 'Dorian', 84), ('Hip-Hop Beats', 'Dorian', 85),
                                                                              ('Hip-Hop Beats', 'Dorian', 86), ('Hip-Hop Beats', 'Dorian', 87), ('Hip-Hop Beats', 'Dorian', 88), ('Hip-Hop Beats', 'Dorian', 89), ('Hip-Hop Beats', 'Dorian', 90),
                                                                              ('House Party', 'Elara', 91), ('House Party', 'Elara', 92), ('House Party', 'Elara', 93), ('House Party', 'Elara', 94), ('House Party', 'Elara', 95),
                                                                              ('House Party', 'Elara', 96), ('House Party', 'Elara', 97), ('House Party', 'Elara', 98), ('House Party', 'Elara', 99), ('House Party', 'Elara', 100),
                                                                              ('House Party', 'Elara', 101), ('House Party', 'Elara', 102), ('House Party', 'Elara', 103), ('House Party', 'Elara', 104), ('House Party', 'Elara', 105),
                                                                              ('House Party', 'Elara', 106), ('House Party', 'Elara', 107), ('House Party', 'Elara', 108), ('House Party', 'Elara', 109), ('House Party', 'Elara', 110),
                                                                              ('House Party', 'Elara', 111), ('House Party', 'Elara', 112), ('House Party', 'Elara', 113), ('House Party', 'Elara', 114), ('House Party', 'Elara', 115),
                                                                              ('House Party', 'Elara', 116), ('House Party', 'Elara', 117), ('House Party', 'Elara', 118), ('House Party', 'Elara', 119), ('House Party', 'Elara', 120),
                                                                              ('Indie Essentials', 'Finnian', 121), ('Indie Essentials', 'Finnian', 122), ('Indie Essentials', 'Finnian', 123), ('Indie Essentials', 'Finnian', 124), ('Indie Essentials', 'Finnian', 125),
                                                                              ('Indie Essentials', 'Finnian', 126), ('Indie Essentials', 'Finnian', 127), ('Indie Essentials', 'Finnian', 128), ('Indie Essentials', 'Finnian', 129), ('Indie Essentials', 'Finnian', 130),
                                                                              ('Indie Essentials', 'Finnian', 131), ('Indie Essentials', 'Finnian', 132), ('Indie Essentials', 'Finnian', 133), ('Indie Essentials', 'Finnian', 134), ('Indie Essentials', 'Finnian', 135),
                                                                              ('Indie Essentials', 'Finnian', 136), ('Indie Essentials', 'Finnian', 137), ('Indie Essentials', 'Finnian', 138), ('Indie Essentials', 'Finnian', 139), ('Indie Essentials', 'Finnian', 140),
                                                                              ('Indie Essentials', 'Finnian', 141), ('Indie Essentials', 'Finnian', 142), ('Indie Essentials', 'Finnian', 143), ('Indie Essentials', 'Finnian', 144), ('Indie Essentials', 'Finnian', 145),
                                                                              ('Indie Essentials', 'Finnian', 146), ('Indie Essentials', 'Finnian', 147), ('Indie Essentials', 'Finnian', 148), ('Indie Essentials', 'Finnian', 149), ('Indie Essentials', 'Finnian', 150),
                                                                              ('Smooth Jazz', 'Gael', 151), ('Smooth Jazz', 'Gael', 152), ('Smooth Jazz', 'Gael', 153), ('Smooth Jazz', 'Gael', 154), ('Smooth Jazz', 'Gael', 155),
                                                                              ('Smooth Jazz', 'Gael', 156), ('Smooth Jazz', 'Gael', 157), ('Smooth Jazz', 'Gael', 158), ('Smooth Jazz', 'Gael', 159), ('Smooth Jazz', 'Gael', 160),
                                                                              ('Smooth Jazz', 'Gael', 161), ('Smooth Jazz', 'Gael', 162), ('Smooth Jazz', 'Gael', 163), ('Smooth Jazz', 'Gael', 164), ('Smooth Jazz', 'Gael', 165),
                                                                              ('Smooth Jazz', 'Gael', 166), ('Smooth Jazz', 'Gael', 167), ('Smooth Jazz', 'Gael', 168), ('Smooth Jazz', 'Gael', 169), ('Smooth Jazz', 'Gael', 170),
                                                                              ('Smooth Jazz', 'Gael', 171), ('Smooth Jazz', 'Gael', 172), ('Smooth Jazz', 'Gael', 173), ('Smooth Jazz', 'Gael', 174), ('Smooth Jazz', 'Gael', 175),
                                                                              ('Smooth Jazz', 'Gael', 176), ('Smooth Jazz', 'Gael', 177), ('Smooth Jazz', 'Gael', 178), ('Smooth Jazz', 'Gael', 179), ('Smooth Jazz', 'Gael', 180),
                                                                              ('Latino Heat', 'Halston', 181), ('Latino Heat', 'Halston', 182), ('Latino Heat', 'Halston', 183), ('Latino Heat', 'Halston', 184), ('Latino Heat', 'Halston', 185),
                                                                              ('Latino Heat', 'Halston', 186), ('Latino Heat', 'Halston', 187), ('Latino Heat', 'Halston', 188), ('Latino Heat', 'Halston', 189), ('Latino Heat', 'Halston', 190),
                                                                              ('Latino Heat', 'Halston', 191), ('Latino Heat', 'Halston', 192), ('Latino Heat', 'Halston', 193), ('Latino Heat', 'Halston', 194), ('Latino Heat', 'Halston', 195),
                                                                              ('Latino Heat', 'Halston', 196), ('Latino Heat', 'Halston', 197), ('Latino Heat', 'Halston', 198), ('Latino Heat', 'Halston', 199), ('Latino Heat', 'Halston', 200),
                                                                              ('Latino Heat', 'Halston', 201), ('Latino Heat', 'Halston', 202), ('Latino Heat', 'Halston', 203), ('Latino Heat', 'Halston', 204), ('Latino Heat', 'Halston', 205),
                                                                              ('Latino Heat', 'Halston', 206), ('Latino Heat', 'Halston', 207), ('Latino Heat', 'Halston', 208), ('Latino Heat', 'Halston', 209), ('Latino Heat', 'Halston', 210),
                                                                              ('Metal Storm', 'Isolde', 211), ('Metal Storm', 'Isolde', 212), ('Metal Storm', 'Isolde', 213), ('Metal Storm', 'Isolde', 214), ('Metal Storm', 'Isolde', 215),
                                                                              ('Metal Storm', 'Isolde', 216), ('Metal Storm', 'Isolde', 217), ('Metal Storm', 'Isolde', 218), ('Metal Storm', 'Isolde', 219), ('Metal Storm', 'Isolde', 220),
                                                                              ('Metal Storm', 'Isolde', 221), ('Metal Storm', 'Isolde', 222), ('Metal Storm', 'Isolde', 223), ('Metal Storm', 'Isolde', 224), ('Metal Storm', 'Isolde', 225),
                                                                              ('Metal Storm', 'Isolde', 226), ('Metal Storm', 'Isolde', 227), ('Metal Storm', 'Isolde', 228), ('Metal Storm', 'Isolde', 229), ('Metal Storm', 'Isolde', 230),
                                                                              ('Metal Storm', 'Isolde', 231), ('Metal Storm', 'Isolde', 232), ('Metal Storm', 'Isolde', 233), ('Metal Storm', 'Isolde', 234), ('Metal Storm', 'Isolde', 235),
                                                                              ('Metal Storm', 'Isolde', 236), ('Metal Storm', 'Isolde', 237), ('Metal Storm', 'Isolde', 238), ('Metal Storm', 'Isolde', 239), ('Metal Storm', 'Isolde', 240),
                                                                              ('Pop Parade', 'Jareth', 241), ('Pop Parade', 'Jareth', 242), ('Pop Parade', 'Jareth', 243), ('Pop Parade', 'Jareth', 244), ('Pop Parade', 'Jareth', 245),
                                                                              ('Pop Parade', 'Jareth', 246), ('Pop Parade', 'Jareth', 247), ('Pop Parade', 'Jareth', 248), ('Pop Parade', 'Jareth', 249), ('Pop Parade', 'Jareth', 250),
                                                                              ('Pop Parade', 'Jareth', 251), ('Pop Parade', 'Jareth', 252), ('Pop Parade', 'Jareth', 253), ('Pop Parade', 'Jareth', 254), ('Pop Parade', 'Jareth', 255),
                                                                              ('Pop Parade', 'Jareth', 256), ('Pop Parade', 'Jareth', 257), ('Pop Parade', 'Jareth', 258), ('Pop Parade', 'Jareth', 259), ('Pop Parade', 'Jareth', 260),
                                                                              ('Pop Parade', 'Jareth', 261), ('Pop Parade', 'Jareth', 262), ('Pop Parade', 'Jareth', 263), ('Pop Parade', 'Jareth', 264), ('Pop Parade', 'Jareth', 265),
                                                                              ('Pop Parade', 'Jareth', 266), ('Pop Parade', 'Jareth', 267), ('Pop Parade', 'Jareth', 268), ('Pop Parade', 'Jareth', 269), ('Pop Parade', 'Jareth', 270),
                                                                              ('Reggae Rhythm', 'Kaelin', 271), ('Reggae Rhythm', 'Kaelin', 272), ('Reggae Rhythm', 'Kaelin', 273), ('Reggae Rhythm', 'Kaelin', 274), ('Reggae Rhythm', 'Kaelin', 275),
                                                                              ('Reggae Rhythm', 'Kaelin', 276), ('Reggae Rhythm', 'Kaelin', 277), ('Reggae Rhythm', 'Kaelin', 278), ('Reggae Rhythm', 'Kaelin', 279), ('Reggae Rhythm', 'Kaelin', 280),
                                                                              ('Reggae Rhythm', 'Kaelin', 281), ('Reggae Rhythm', 'Kaelin', 282), ('Reggae Rhythm', 'Kaelin', 283), ('Reggae Rhythm', 'Kaelin', 284), ('Reggae Rhythm', 'Kaelin', 285),
                                                                              ('Reggae Rhythm', 'Kaelin', 286), ('Reggae Rhythm', 'Kaelin', 287), ('Reggae Rhythm', 'Kaelin', 288), ('Reggae Rhythm', 'Kaelin', 289), ('Reggae Rhythm', 'Kaelin', 290),
                                                                              ('Reggae Rhythm', 'Kaelin', 291), ('Reggae Rhythm', 'Kaelin', 292), ('Reggae Rhythm', 'Kaelin', 293), ('Reggae Rhythm', 'Kaelin', 294), ('Reggae Rhythm', 'Kaelin', 295),
                                                                              ('Reggae Rhythm', 'Kaelin', 296), ('Reggae Rhythm', 'Kaelin', 297), ('Reggae Rhythm', 'Kaelin', 298), ('Reggae Rhythm', 'Kaelin', 299), ('Reggae Rhythm', 'Kaelin', 300),
                                                                              ('RnB Grooves', 'Lirien', 301), ('RnB Grooves', 'Lirien', 302), ('RnB Grooves', 'Lirien', 303), ('RnB Grooves', 'Lirien', 304), ('RnB Grooves', 'Lirien', 305),
                                                                              ('RnB Grooves', 'Lirien', 306), ('RnB Grooves', 'Lirien', 307), ('RnB Grooves', 'Lirien', 308), ('RnB Grooves', 'Lirien', 309), ('RnB Grooves', 'Lirien', 310),
                                                                              ('RnB Grooves', 'Lirien', 311), ('RnB Grooves', 'Lirien', 312), ('RnB Grooves', 'Lirien', 313), ('RnB Grooves', 'Lirien', 314), ('RnB Grooves', 'Lirien', 315),
                                                                              ('RnB Grooves', 'Lirien', 316), ('RnB Grooves', 'Lirien', 317), ('RnB Grooves', 'Lirien', 318), ('RnB Grooves', 'Lirien', 319), ('RnB Grooves', 'Lirien', 320),
                                                                              ('RnB Grooves', 'Lirien', 321), ('RnB Grooves', 'Lirien', 322), ('RnB Grooves', 'Lirien', 323), ('RnB Grooves', 'Lirien', 324), ('RnB Grooves', 'Lirien', 325),
                                                                              ('RnB Grooves', 'Lirien', 326), ('RnB Grooves', 'Lirien', 327), ('RnB Grooves', 'Lirien', 328), ('RnB Grooves', 'Lirien', 329), ('RnB Grooves', 'Lirien', 330),
                                                                              ('Rock Legends', 'Mirek', 331), ('Rock Legends', 'Mirek', 332), ('Rock Legends', 'Mirek', 333), ('Rock Legends', 'Mirek', 334), ('Rock Legends', 'Mirek', 335),
                                                                              ('Rock Legends', 'Mirek', 336), ('Rock Legends', 'Mirek', 337), ('Rock Legends', 'Mirek', 338), ('Rock Legends', 'Mirek', 339), ('Rock Legends', 'Mirek', 340),
                                                                              ('Rock Legends', 'Mirek', 341), ('Rock Legends', 'Mirek', 342), ('Rock Legends', 'Mirek', 343), ('Rock Legends', 'Mirek', 344), ('Rock Legends', 'Mirek', 345),
                                                                              ('Rock Legends', 'Mirek', 346), ('Rock Legends', 'Mirek', 347), ('Rock Legends', 'Mirek', 348), ('Rock Legends', 'Mirek', 349), ('Rock Legends', 'Mirek', 350),
                                                                              ('Rock Legends', 'Mirek', 351), ('Rock Legends', 'Mirek', 352), ('Rock Legends', 'Mirek', 353), ('Rock Legends', 'Mirek', 354), ('Rock Legends', 'Mirek', 355),
                                                                              ('Rock Legends', 'Mirek', 356), ('Rock Legends', 'Mirek', 357), ('Rock Legends', 'Mirek', 358), ('Rock Legends', 'Mirek', 359), ('Rock Legends', 'Mirek', 360);

-- População da tabela Comentario
INSERT INTO Comentario (comentario_timestamp, autor_username, musica_id, conteudo, tempoNaMusica, parentId) VALUES
                                                                                                                ('2025-06-24 00:09:56.730166', 'Ivar', 1, 'On repeat all day!', '2:25', NULL),
                                                                                                                ('2025-04-22 00:09:56.730196', 'Finnian', 2, 'Classic tune!', '1:20', NULL),
                                                                                                                ('2025-07-04 00:09:56.730204', 'Vesper', 2, 'Nice groove.', '1:55', NULL),
                                                                                                                ('2025-05-30 00:09:56.730213', 'Orion', 4, 'Fire!', '1:33', NULL),
                                                                                                                ('2025-07-13 00:09:56.730226', 'Ivar', 9, 'Classic tune!', '0:59', NULL),
                                                                                                                ('2025-04-28 00:09:56.730236', 'Helena', 18, 'Smooth vibe, perfect for chilling.', '2:45', NULL),
                                                                                                                ('2025-05-20 00:09:56.730245', 'Xanthe', 22, 'Classic tune!', '1:50', NULL),
                                                                                                                ('2025-06-05 00:09:56.730253', 'Sylas', 24, 'Smooth vibe, perfect for chilling.', '0:05', NULL),
                                                                                                                ('2025-05-07 00:09:56.730260', 'Lirien', 24, 'Love this track!', '2:00', NULL),
                                                                                                                ('2025-06-01 00:09:56.730268', 'Freya', 27, 'Genius composition.', '1:40', NULL),
                                                                                                                ('2025-04-13 00:09:56.730275', 'Ulric', 27, 'So relaxing.', '0:08', NULL),
                                                                                                                ('2025-07-03 00:09:56.730284', 'Gideon', 34, 'Genius composition.', '3:51', NULL),
                                                                                                                ('2025-05-24 00:09:56.730291', 'Isolde', 34, 'Masterpiece.', '3:15', NULL),
                                                                                                                ('2025-07-09 00:09:56.730299', 'Seraphine', 38, 'Smooth vibe, perfect for chilling.', '2:54', NULL),
                                                                                                                ('2025-06-19 00:09:56.730305', 'Rowan', 38, 'Masterpiece.', '3:33', NULL),
                                                                                                                ('2025-06-15 00:09:56.730313', 'Ulric', 40, 'Nice groove.', '3:21', NULL),
                                                                                                                ('2025-06-13 00:09:56.730321', 'Seraphine', 43, 'Love this track!', '2:06', NULL),
                                                                                                                ('2025-04-11 00:09:56.730328', 'Emric', 43, 'Genius composition.', '2:36', NULL),
                                                                                                                ('2025-07-20 00:09:56.730335', 'Torin', 44, 'Genius composition.', '1:06', NULL),
                                                                                                                ('2025-06-06 00:09:56.730343', 'Ivar', 51, 'Smooth vibe, perfect for chilling.', '0:13', NULL),
                                                                                                                ('2025-07-10 00:09:56.730351', 'Ulric', 52, 'Classic tune!', '1:35', NULL),
                                                                                                                ('2025-06-21 00:09:56.730357', 'Halston', 52, 'So relaxing.', '3:18', NULL),
                                                                                                                ('2025-04-25 00:09:56.730364', 'Ysolde', 53, 'So relaxing.', '3:25', NULL),
                                                                                                                ('2025-07-05 00:09:56.730371', 'Rowan', 53, 'Nice groove.', '0:09', NULL),
                                                                                                                ('2025-07-18 00:09:56.730379', 'Nerys', 55, 'Nice groove.', '3:20', NULL),
                                                                                                                ('2025-04-15 00:09:56.730387', 'Isolde', 59, 'Nice groove.', '3:21', NULL),
                                                                                                                ('2025-04-25 00:09:56.730394', 'Rowan', 60, 'Masterpiece.', '0:11', NULL),
                                                                                                                ('2025-05-04 00:09:56.730402', 'Aveline', 63, 'Love this track!', '1:16', NULL),
                                                                                                                ('2025-04-17 00:09:56.730408', 'Aveline', 63, 'Genius composition.', '3:25', NULL),
                                                                                                                ('2025-06-04 00:09:56.730416', 'Kieran', 69, 'So relaxing.', '2:59', NULL),
                                                                                                                ('2025-05-16 00:09:56.730423', 'Jareth', 69, 'Classic tune!', '3:02', NULL),
                                                                                                                ('2025-07-19 00:09:56.730431', 'Juno', 70, 'Genius composition.', '0:14', NULL),
                                                                                                                ('2025-06-29 00:09:56.730437', 'Halston', 70, 'Amazing beat.', '1:41', NULL),
                                                                                                                ('2025-05-17 00:09:56.730445', 'Isolde', 72, 'Fire!', '0:42', NULL),
                                                                                                                ('2025-07-11 00:09:56.730452', 'Quillon', 72, 'Love this track!', '3:24', NULL),
                                                                                                                ('2025-05-17 00:09:56.730460', 'Quillon', 73, 'Amazing beat.', '3:21', NULL),
                                                                                                                ('2025-04-24 00:09:56.730466', 'Mirek', 73, 'Classic tune!', '1:51', NULL),
                                                                                                                ('2025-06-04 00:09:56.730474', 'Torin', 75, 'Classic tune!', '0:34', NULL),
                                                                                                                ('2025-07-14 00:09:56.730481', 'Lirien', 78, 'Smooth vibe, perfect for chilling.', '0:16', NULL),
                                                                                                                ('2025-06-16 00:09:56.730488', 'Umber', 78, 'This one hits different.', '0:33', NULL),
                                                                                                                ('2025-06-07 00:09:56.730501', 'Isolde', 80, 'Genius composition.', '2:14', NULL),
                                                                                                                ('2025-05-12 00:09:56.730515', 'Seraphine', 84, 'Amazing beat.', '0:26', NULL),
                                                                                                                ('2025-04-23 00:09:56.730526', 'Helena', 84, 'So relaxing.', '3:59', NULL),
                                                                                                                ('2025-05-30 00:09:56.730534', 'Nyssa', 85, 'Masterpiece.', '2:16', NULL),
                                                                                                                ('2025-04-23 00:09:56.730540', 'Emric', 85, 'Amazing beat.', '3:40', NULL),
                                                                                                                ('2025-06-11 00:09:56.730548', 'Finnian', 88, 'Smooth vibe, perfect for chilling.', '3:43', NULL),
                                                                                                                ('2025-05-26 00:09:56.730556', 'Rowan', 89, 'Love this track!', '3:28', NULL),
                                                                                                                ('2025-05-30 00:09:56.730563', 'Oberon', 89, 'Smooth vibe, perfect for chilling.', '0:06', NULL),
                                                                                                                ('2025-06-27 00:09:56.730571', 'Winry', 92, 'This one hits different.', '2:39', NULL),
                                                                                                                ('2025-07-01 00:09:56.730578', 'Phaedra', 96, 'This one hits different.', '3:41', NULL),
                                                                                                                ('2025-04-29 00:09:56.730587', 'Elara', 99, 'Love this track!', '1:12', NULL),
                                                                                                                ('2025-04-24 00:09:56.730595', 'Orion', 100, 'Fire!', '0:03', NULL),
                                                                                                                ('2025-06-24 00:09:56.730601', 'Lyra', 100, 'This one hits different.', '2:31', NULL),
                                                                                                                ('2025-04-16 00:09:56.730609', 'Ulric', 101, 'Genius composition.', '2:39', NULL),
                                                                                                                ('2025-06-01 00:09:56.730615', 'Torin', 101, 'On repeat all day!', '1:48', NULL),
                                                                                                                ('2025-06-16 00:09:56.730623', 'Riven', 105, 'Nice groove.', '0:22', NULL),
                                                                                                                ('2025-04-20 00:09:56.730631', 'Elara', 107, 'Genius composition.', '2:38', NULL),
                                                                                                                ('2025-05-21 00:09:56.730637', 'Lirien', 107, 'Masterpiece.', '2:10', NULL),
                                                                                                                ('2025-05-08 00:09:56.730646', 'Blake', 111, 'This one hits different.', '0:39', NULL),
                                                                                                                ('2025-05-12 00:09:56.730673', 'Jareth', 116, 'Love this track!', '3:27', NULL),
                                                                                                                ('2025-04-26 00:09:56.730685', 'Gael', 118, 'Classic tune!', '1:48', NULL),
                                                                                                                ('2025-07-18 00:09:56.730695', 'Aveline', 118, 'Fire!', '0:25', NULL),
                                                                                                                ('2025-05-31 00:09:56.730706', 'Bastian', 119, 'Amazing beat.', '3:56', NULL),
                                                                                                                ('2025-04-24 00:09:56.730718', 'Quillon', 122, 'This one hits different.', '2:29', NULL),
                                                                                                                ('2025-05-18 00:09:56.730730', 'Quinn', 124, 'Love this track!', '0:30', NULL),
                                                                                                                ('2025-06-10 00:09:56.730744', 'Blake', 131, 'Nice groove.', '2:08', NULL),
                                                                                                                ('2025-05-25 00:09:56.730754', 'Dorian', 131, 'On repeat all day!', '1:33', NULL),
                                                                                                                ('2025-05-29 00:09:56.730768', 'Freya', 134, 'Nice groove.', '0:31', NULL),
                                                                                                                ('2025-06-24 00:09:56.730778', 'Kaelin', 135, 'So relaxing.', '1:28', NULL),
                                                                                                                ('2025-07-04 00:09:56.730785', 'Kaelin', 135, 'Smooth vibe, perfect for chilling.', '1:03', NULL),
                                                                                                                ('2025-07-14 00:09:56.730792', 'Thalia', 138, 'Masterpiece.', '0:05', NULL),
                                                                                                                ('2025-06-18 00:09:56.730800', 'Gideon', 139, 'On repeat all day!', '1:38', NULL),
                                                                                                                ('2025-05-22 00:09:56.730807', 'Thalia', 139, 'This one hits different.', '1:54', NULL),
                                                                                                                ('2025-06-01 00:09:56.730814', 'Halston', 141, 'Smooth vibe, perfect for chilling.', '2:12', NULL),
                                                                                                                ('2025-05-23 00:09:56.730823', 'Wren', 147, 'Nice groove.', '2:00', NULL),
                                                                                                                ('2025-05-15 00:09:56.730829', 'Delwyn', 147, 'This one hits different.', '0:18', NULL),
                                                                                                                ('2025-07-19 00:09:56.730838', 'Blake', 153, 'Smooth vibe, perfect for chilling.', '0:56', NULL),
                                                                                                                ('2025-04-16 00:09:56.730845', 'Riven', 153, 'Nice groove.', '0:54', NULL),
                                                                                                                ('2025-06-10 00:09:56.730853', 'Sylas', 155, 'This one hits different.', '1:40', NULL),
                                                                                                                ('2025-06-04 00:09:56.730870', 'Seraphine', 155, 'This one hits different.', '3:21', NULL),
                                                                                                                ('2025-07-08 00:09:56.730878', 'Kaelin', 159, 'Genius composition.', '1:43', NULL),
                                                                                                                ('2025-06-07 00:09:56.730885', 'Torin', 162, 'Fire!', '3:30', NULL),
                                                                                                                ('2025-05-27 00:09:56.730893', 'Dorian', 163, 'Amazing beat.', '1:02', NULL),
                                                                                                                ('2025-05-06 00:09:56.730899', 'Malric', 163, 'Love this track!', '2:58', NULL),
                                                                                                                ('2025-06-18 00:09:56.730907', 'Mirek', 167, 'This one hits different.', '2:35', NULL),
                                                                                                                ('2025-04-12 00:09:56.730914', 'Delwyn', 169, 'Nice groove.', '3:54', NULL),
                                                                                                                ('2025-04-19 00:09:56.730922', 'Gideon', 173, 'Classic tune!', '2:19', NULL),
                                                                                                                ('2025-05-07 00:09:56.730929', 'Halston', 175, 'Smooth vibe, perfect for chilling.', '3:59', NULL),
                                                                                                                ('2025-06-07 00:09:56.730937', 'Isolde', 176, 'Smooth vibe, perfect for chilling.', '3:11', NULL),
                                                                                                                ('2025-07-03 00:09:56.730943', 'Oberon', 176, 'Genius composition.', '2:06', NULL),
                                                                                                                ('2025-06-09 00:09:56.730950', 'Gael', 179, 'Masterpiece.', '1:53', NULL),
                                                                                                                ('2025-04-11 00:09:56.730962', 'Riven', 186, 'Love this track!', '3:54', NULL),
                                                                                                                ('2025-05-03 00:09:56.730972', 'Bastian', 186, 'Classic tune!', '3:30', NULL),
                                                                                                                ('2025-05-13 00:09:56.730984', 'Perin', 193, 'Fire!', '3:18', NULL),
                                                                                                                ('2025-05-20 00:09:56.730991', 'Lyra', 193, 'Masterpiece.', '1:55', NULL),
                                                                                                                ('2025-06-28 00:09:56.730998', 'Nerys', 194, 'Nice groove.', '0:26', NULL),
                                                                                                                ('2025-04-11 00:09:56.731005', 'Lirien', 194, 'Classic tune!', '1:49', NULL),
                                                                                                                ('2025-06-25 00:09:56.731012', 'Seraphine', 197, 'So relaxing.', '0:24', NULL),
                                                                                                                ('2025-06-16 00:09:56.731019', 'Finnian', 197, 'This one hits different.', '3:59', NULL),
                                                                                                                ('2025-05-13 00:09:56.731027', 'Dorian', 198, 'Amazing beat.', '2:51', NULL),
                                                                                                                ('2025-05-29 00:09:56.731035', 'Winry', 199, 'This one hits different.', '2:49', NULL),
                                                                                                                ('2025-06-13 00:09:56.731041', 'Juno', 199, 'Masterpiece.', '1:06', NULL),
                                                                                                                ('2025-04-23 00:09:56.731049', 'Freya', 209, 'Masterpiece.', '3:02', NULL),
                                                                                                                ('2025-07-16 00:09:56.731057', 'Kieran', 211, 'So relaxing.', '1:39', NULL),
                                                                                                                ('2025-05-29 00:09:56.731065', 'Jareth', 216, 'Fire!', '3:46', NULL),
                                                                                                                ('2025-06-11 00:09:56.731073', 'Finnian', 220, 'Classic tune!', '0:54', NULL),
                                                                                                                ('2025-05-29 00:09:56.731083', 'Torin', 223, 'Classic tune!', '0:36', NULL),
                                                                                                                ('2025-06-04 00:09:56.731094', 'Lyra', 223, 'Genius composition.', '2:42', NULL),
                                                                                                                ('2025-04-27 00:09:56.731106', 'Dorian', 225, 'Classic tune!', '1:37', NULL),
                                                                                                                ('2025-04-17 00:09:56.731116', 'Thalia', 225, 'On repeat all day!', '3:16', NULL),
                                                                                                                ('2025-04-20 00:09:56.731130', 'Blake', 229, 'So relaxing.', '2:11', NULL),
                                                                                                                ('2025-05-31 00:09:56.731140', 'Bastian', 229, 'On repeat all day!', '1:57', NULL),
                                                                                                                ('2025-05-29 00:09:56.731152', 'Xanthe', 230, 'Amazing beat.', '0:47', NULL),
                                                                                                                ('2025-05-14 00:09:56.731165', 'Juno', 235, 'Love this track!', '3:45', NULL),
                                                                                                                ('2025-06-24 00:09:56.731177', 'Helena', 235, 'On repeat all day!', '3:20', NULL),
                                                                                                                ('2025-05-19 00:09:56.731185', 'Seraphine', 236, 'Masterpiece.', '0:08', NULL),
                                                                                                                ('2025-07-04 00:09:56.731192', 'Helena', 237, 'Genius composition.', '2:22', NULL),
                                                                                                                ('2025-06-07 00:09:56.731200', 'Perin', 238, 'Nice groove.', '3:19', NULL),
                                                                                                                ('2025-06-26 00:09:56.731207', 'Jareth', 239, 'Nice groove.', '3:31', NULL),
                                                                                                                ('2025-07-17 00:09:56.731219', 'Thalia', 240, 'Genius composition.', '1:49', NULL),
                                                                                                                ('2025-05-11 00:09:56.731231', 'Gael', 241, 'Love this track!', '3:29', NULL),
                                                                                                                ('2025-05-20 00:09:56.731242', 'Isolde', 241, 'Smooth vibe, perfect for chilling.', '2:03', NULL),
                                                                                                                ('2025-04-21 00:09:56.731253', 'Blake', 242, 'Genius composition.', '3:30', NULL),
                                                                                                                ('2025-07-07 00:09:56.731259', 'Sylas', 242, 'Classic tune!', '1:25', NULL),
                                                                                                                ('2025-06-18 00:09:56.731268', 'Riven', 249, 'On repeat all day!', '3:08', NULL),
                                                                                                                ('2025-05-22 00:09:56.731276', 'Oberon', 254, 'This one hits different.', '0:21', NULL),
                                                                                                                ('2025-07-04 00:09:56.731282', 'Helena', 254, 'Classic tune!', '1:56', NULL),
                                                                                                                ('2025-05-26 00:09:56.731290', 'Lirien', 257, 'Smooth vibe, perfect for chilling.', '0:26', NULL),
                                                                                                                ('2025-07-01 00:09:56.731298', 'Yorick', 260, 'This one hits different.', '2:39', NULL),
                                                                                                                ('2025-05-04 00:09:56.731306', 'Nyssa', 262, 'Classic tune!', '1:34', NULL),
                                                                                                                ('2025-07-04 00:09:56.731313', 'Blake', 262, 'Amazing beat.', '1:22', NULL),
                                                                                                                ('2025-05-18 00:09:56.731321', 'Umber', 266, 'Nice groove.', '2:50', NULL),
                                                                                                                ('2025-07-04 00:09:56.731327', 'Nerys', 266, 'On repeat all day!', '2:07', NULL),
                                                                                                                ('2025-05-19 00:09:56.731335', 'Gael', 269, 'Amazing beat.', '1:44', NULL),
                                                                                                                ('2025-06-12 00:09:56.731341', 'Blake', 269, 'This one hits different.', '2:54', NULL),
                                                                                                                ('2025-07-18 00:09:56.731349', 'Lirien', 274, 'Fire!', '2:01', NULL),
                                                                                                                ('2025-04-28 00:09:56.731356', 'Ysolde', 274, 'So relaxing.', '2:39', NULL),
                                                                                                                ('2025-07-17 00:09:56.731365', 'Mirek', 288, 'Nice groove.', '0:56', NULL),
                                                                                                                ('2025-06-18 00:09:56.731371', 'Kaelin', 288, 'So relaxing.', '1:47', NULL),
                                                                                                                ('2025-05-10 00:09:56.731379', 'Halston', 295, 'Genius composition.', '2:38', NULL),
                                                                                                                ('2025-04-21 00:09:56.731385', 'Ivar', 295, 'Nice groove.', '3:05', NULL),
                                                                                                                ('2025-07-08 00:09:56.731396', 'Orion', 305, 'Nice groove.', '0:44', NULL),
                                                                                                                ('2025-05-19 00:09:56.731406', 'Ysolde', 321, 'So relaxing.', '1:28', NULL),
                                                                                                                ('2025-05-06 00:09:56.731414', 'Xanthe', 325, 'This one hits different.', '3:48', NULL),
                                                                                                                ('2025-06-10 00:09:56.731420', 'Dorian', 325, 'So relaxing.', '1:27', NULL),
                                                                                                                ('2025-05-11 00:09:56.731428', 'Dorian', 330, 'Fire!', '1:14', NULL),
                                                                                                                ('2025-05-16 00:09:56.731434', 'Bastian', 330, 'This one hits different.', '0:12', NULL),
                                                                                                                ('2025-06-23 00:09:56.731442', 'Rowan', 331, 'On repeat all day!', '1:54', NULL),
                                                                                                                ('2025-06-25 00:09:56.731453', 'Ivar', 332, 'Classic tune!', '2:49', NULL),
                                                                                                                ('2025-04-28 00:09:56.731460', 'Elara', 332, 'Masterpiece.', '3:00', NULL),
                                                                                                                ('2025-04-30 00:09:56.731468', 'Torin', 333, 'Nice groove.', '1:45', NULL),
                                                                                                                ('2025-05-28 00:09:56.731474', 'Yorick', 333, 'Love this track!', '1:00', NULL),
                                                                                                                ('2025-07-16 00:09:56.731481', 'Delwyn', 334, 'On repeat all day!', '0:55', NULL),
                                                                                                                ('2025-05-03 00:09:56.731487', 'Jareth', 334, 'On repeat all day!', '1:56', NULL),
                                                                                                                ('2025-07-05 00:09:56.731495', 'Halston', 335, 'Fire!', '2:40', NULL),
                                                                                                                ('2025-05-11 00:09:56.731501', 'Elara', 335, 'This one hits different.', '2:23', NULL),
                                                                                                                ('2025-06-04 00:09:56.731509', 'Ulric', 342, 'Masterpiece.', '3:48', NULL),
                                                                                                                ('2025-06-06 00:09:56.731516', 'Riven', 342, 'Classic tune!', '1:45', NULL),
                                                                                                                ('2025-06-22 00:09:56.731523', 'Quinn', 343, 'On repeat all day!', '1:07', NULL),
                                                                                                                ('2025-05-17 00:09:56.731529', 'Aveline', 343, 'Love this track!', '0:26', NULL),
                                                                                                                ('2025-06-15 00:09:56.731536', 'Kaelin', 344, 'Love this track!', '1:32', NULL),
                                                                                                                ('2025-07-11 00:09:56.731542', 'Oberon', 344, 'Masterpiece.', '3:50', NULL),
                                                                                                                ('2025-07-11 00:09:56.731549', 'Jareth', 345, 'Classic tune!', '3:58', NULL),
                                                                                                                ('2025-05-27 00:09:56.731558', 'Vesper', 350, 'This one hits different.', '2:37', NULL),
                                                                                                                ('2025-06-24 00:09:56.731564', 'Zarek', 350, 'Amazing beat.', '2:50', NULL),
                                                                                                                ('2025-06-03 00:09:56.731575', 'Phaedra', 351, 'Fire!', '2:00', NULL),
                                                                                                                ('2025-04-23 00:09:56.731587', 'Helena', 351, 'Amazing beat.', '3:27', NULL),
                                                                                                                ('2025-05-09 00:09:56.731600', 'Sylas', 352, 'Smooth vibe, perfect for chilling.', '2:32', NULL),
                                                                                                                ('2025-07-13 00:09:56.731609', 'Nerys', 355, 'This one hits different.', '0:14', NULL),
                                                                                                                ('2025-06-01 00:09:56.731615', 'Kieran', 355, 'On repeat all day!', '3:10', NULL),
                                                                                                                ('2025-05-23 00:09:56.731622', 'Sylas', 359, 'Love this track!', '2:35', NULL);

-- População da tabela Doacao
INSERT INTO Doacao (doador_username, destinatario_username, musica_id, valor, data) VALUES
                                                                                        ('Gael', 'Quinn', 216, 10.16, '2025-07-02'),
                                                                                        ('Caron', 'Aveline', 85, 8.77, '2025-07-19'),
                                                                                        ('Finnian', 'Blake', 350, 11.54, '2025-07-16'),
                                                                                        ('Lirien', 'Riven', 227, 12.77, '2025-07-05'),
                                                                                        ('Thalia', 'Zarek', 85, 12.05, '2025-07-04'),
                                                                                        ('Gideon', 'Emric', 309, 18.7, '2025-07-04'),
                                                                                        ('Gideon', 'Kaelin', 294, 11.57, '2025-07-17'),
                                                                                        ('Orion', 'Xanthe', 343, 8.59, '2025-06-22'),
                                                                                        ('Lyra', 'Kaelin', 339, 6.25, '2025-06-29'),
                                                                                        ('Mirek', 'Lirien', 131, 9.34, '2025-07-09'),
                                                                                        ('Ysolde', 'Dorian', 267, 17.06, '2025-06-28'),
                                                                                        ('Seraphine', 'Thalia', 124, 19.38, '2025-07-14'),
                                                                                        ('Xanthe', 'Perin', 271, 16.19, '2025-06-20'),
                                                                                        ('Elara', 'Aveline', 102, 18.95, '2025-07-12'),
                                                                                        ('Zarek', 'Caron', 331, 14.88, '2025-06-23'),
                                                                                        ('Quillon', 'Gideon', 350, 14.35, '2025-07-02'),
                                                                                        ('Juno', 'Wren', 222, 17.4, '2025-07-08'),
                                                                                        ('Rowan', 'Xavian', 333, 13.13, '2025-06-27'),
                                                                                        ('Ulric', 'Lyra', 207, 8.42, '2025-07-01'),
                                                                                        ('Wren', 'Xanthe', 153, 1.42, '2025-06-20');

-- População da tabela Notificacao
INSERT INTO Notificacao (dataNotificacao, descricao, tipo) VALUES
                                                               ('2025-07-18', 'Comentaram a tua música!', 'musica'),
                                                               ('2025-07-05', 'Novo seguidor!', 'usuario'),
                                                               ('2025-07-05', 'Novo seguidor!', 'usuario'),
                                                               ('2025-07-08', 'Nova música lançada!', 'musica'),
                                                               ('2025-07-14', 'Novo seguidor!', 'usuario'),
                                                               ('2025-07-17', 'Novo seguidor!', 'usuario'),
                                                               ('2025-07-15', 'Tens um novo badge!', 'usuario'),
                                                               ('2025-07-07', 'Recebeste uma doação!', 'musica'),
                                                               ('2025-07-06', 'Playlist adicionada aos favoritos!', 'playlist'),
                                                               ('2025-07-20', 'Playlist adicionada aos favoritos!', 'playlist'),
                                                               ('2025-07-10', 'Comentaram a tua música!', 'musica'),
                                                               ('2025-07-16', 'Playlist adicionada aos favoritos!', 'playlist'),
                                                               ('2025-07-15', 'Tens um novo badge!', 'usuario'),
                                                               ('2025-07-12', 'Novo seguidor!', 'usuario'),
                                                               ('2025-07-16', 'Recebeste uma doação!', 'musica'),
                                                               ('2025-07-19', 'Playlist adicionada aos favoritos!', 'playlist'),
                                                               ('2025-07-14', 'Tens um novo badge!', 'usuario'),
                                                               ('2025-07-18', 'Nova música lançada!', 'musica'),
                                                               ('2025-07-11', 'Comentaram a tua música!', 'musica'),
                                                               ('2025-07-11', 'Tens um novo badge!', 'usuario'),
                                                               ('2025-07-16', 'Tens um novo badge!', 'usuario'),
                                                               ('2025-07-06', 'Nova música lançada!', 'musica'),
                                                               ('2025-07-14', 'Playlist adicionada aos favoritos!', 'playlist'),
                                                               ('2025-07-14', 'Playlist adicionada aos favoritos!', 'playlist'),
                                                               ('2025-07-10', 'Playlist adicionada aos favoritos!', 'playlist');

/*
-- População da tabela Utilizador_Notificacao
INSERT INTO Utilizador_Notificacao (username, id_notificacao, visto) VALUES
('Lirien', 1, TRUE),
('Freya', 2, FALSE),
('Seraphine', 3, TRUE),
('Phaedra', 4, FALSE),
('Lirien', 5, FALSE),
('Yorick', 6, FALSE),
('Isolde', 7, TRUE),
('Caelum', 8, FALSE),
('Thalia', 9, TRUE),
('Xavian', 10, TRUE),
('Nyssa', 11, TRUE),
('Mirek', 12, TRUE),
('Ulric', 13, TRUE),
('Dorian', 14, TRUE),
('Oberon', 15, TRUE),
('Quinn', 16, FALSE),
('Wren', 17, FALSE),
('Umber', 18, TRUE),
('Torin', 19, FALSE),
('Orion', 20, FALSE),
('Halston', 21, FALSE),
('Thalia', 22, FALSE),
('Isolde', 23, TRUE),
('Umber', 24, FALSE),
('Orion', 25, TRUE);
*/

-- População da tabela Visualizacao
INSERT INTO Visualizacao (musica_id, view_username, visto_em) VALUES
                                                                  (1, 'Isolde', '2025-07-20 00:12:47.561725'),
                                                                  (1, 'Zarek', '2025-07-20 00:12:47.561750'),
                                                                  (2, 'Delwyn', '2025-06-22 00:12:47.561761'),
                                                                  (2, 'Gideon', '2025-07-12 00:12:47.561768'),
                                                                  (3, 'Jareth', '2025-06-05 00:12:47.561772'),
                                                                  (3, 'Ivar', '2025-07-20 00:12:47.561779'),
                                                                  (4, 'Riven', '2025-06-22 00:12:47.561787'),
                                                                  (4, 'Gael', '2025-06-08 00:12:47.561792'),
                                                                  (4, 'Nerys', '2025-06-05 00:12:47.561798'),
                                                                  (5, 'Emric', '2025-06-07 00:12:47.561802'),
                                                                  (5, 'Xanthe', '2025-06-25 00:12:47.561810'),
                                                                  (5, 'Malric', '2025-06-27 00:12:47.561817'),
                                                                  (8, 'Lirien', '2025-06-09 00:12:47.561827'),
                                                                  (8, 'Elara', '2025-07-14 00:12:47.561835'),
                                                                  (8, 'Emric', '2025-07-20 00:12:47.561842'),
                                                                  (12, 'Rowan', '2025-05-23 00:12:47.561848'),
                                                                  (12, 'Helena', '2025-07-17 00:12:47.561852'),
                                                                  (14, 'Jareth', '2025-07-20 00:12:47.561858'),
                                                                  (14, 'Valko', '2025-07-02 00:12:47.561862'),
                                                                  (14, 'Zarek', '2025-06-20 00:12:47.561866'),
                                                                  (14, 'Juno', '2025-06-09 00:12:47.561870'),
                                                                  (14, 'Thalia', '2025-05-21 00:12:47.561875'),
                                                                  (15, 'Riven', '2025-05-28 00:12:47.561880'),
                                                                  (15, 'Sylas', '2025-05-27 00:12:47.561889'),
                                                                  (15, 'Zarek', '2025-07-16 00:12:47.561893'),
                                                                  (16, 'Caelum', '2025-07-17 00:12:47.561898'),
                                                                  (16, 'Isolde', '2025-07-19 00:12:47.561902'),
                                                                  (16, 'Delwyn', '2025-06-15 00:12:47.561906'),
                                                                  (16, 'Xanthe', '2025-07-05 00:12:47.561911'),
                                                                  (19, 'Blake', '2025-06-16 00:12:47.561917'),
                                                                  (19, 'Aveline', '2025-06-21 00:12:47.561921'),
                                                                  (21, 'Sylas', '2025-06-29 00:12:47.561927'),
                                                                  (21, 'Blake', '2025-05-29 00:12:47.561931'),
                                                                  (21, 'Blake', '2025-06-17 00:12:47.561936'),
                                                                  (21, 'Umber', '2025-07-20 00:12:47.561940'),
                                                                  (22, 'Finnian', '2025-05-25 00:12:47.561945'),
                                                                  (22, 'Jareth', '2025-06-08 00:12:47.561950'),
                                                                  (23, 'Seraphine', '2025-06-08 00:12:47.561956'),
                                                                  (23, 'Sylas', '2025-07-12 00:12:47.561960'),
                                                                  (23, 'Xavian', '2025-06-28 00:12:47.561964'),
                                                                  (24, 'Thalia', '2025-05-27 00:12:47.561969'),
                                                                  (24, 'Kaelin', '2025-06-27 00:12:47.561974'),
                                                                  (24, 'Xavian', '2025-06-25 00:12:47.561978'),
                                                                  (24, 'Nerys', '2025-06-04 00:12:47.561982'),
                                                                  (26, 'Riven', '2025-06-25 00:12:47.561988'),
                                                                  (26, 'Quillon', '2025-06-16 00:12:47.561992'),
                                                                  (26, 'Mirek', '2025-06-10 00:12:47.561996'),
                                                                  (26, 'Phaedra', '2025-06-04 00:12:47.562001'),
                                                                  (26, 'Ulric', '2025-06-05 00:12:47.562005'),
                                                                  (28, 'Finnian', '2025-06-23 00:12:47.562010'),
                                                                  (28, 'Juno', '2025-06-09 00:12:47.562015'),
                                                                  (28, 'Xavian', '2025-06-15 00:12:47.562019'),
                                                                  (31, 'Ysolde', '2025-07-20 00:12:47.562025'),
                                                                  (31, 'Lirien', '2025-07-09 00:12:47.562030'),
                                                                  (31, 'Quinn', '2025-07-06 00:12:47.562034'),
                                                                  (33, 'Seraphine', '2025-06-15 00:12:47.562039'),
                                                                  (33, 'Vesper', '2025-06-10 00:12:47.562043'),
                                                                  (33, 'Kieran', '2025-06-29 00:12:47.562048'),
                                                                  (33, 'Lirien', '2025-07-19 00:12:47.562052'),
                                                                  (33, 'Valko', '2025-06-10 00:12:47.562056'),
                                                                  (34, 'Umber', '2025-06-24 00:12:47.562062'),
                                                                  (34, 'Kaelin', '2025-06-04 00:12:47.562066'),
                                                                  (35, 'Oberon', '2025-06-14 00:12:47.562071'),
                                                                  (35, 'Halston', '2025-06-18 00:12:47.562076'),
                                                                  (35, 'Mirek', '2025-06-12 00:12:47.562080'),
                                                                  (35, 'Sylas', '2025-06-08 00:12:47.562084'),
                                                                  (35, 'Jareth', '2025-05-25 00:12:47.562088'),
                                                                  (41, 'Caelum', '2025-07-01 00:12:47.562094'),
                                                                  (41, 'Riven', '2025-05-28 00:12:47.562099'),
                                                                  (41, 'Nyssa', '2025-06-02 00:12:47.562103'),
                                                                  (41, 'Jareth', '2025-06-20 00:12:47.562107'),
                                                                  (43, 'Oberon', '2025-07-10 00:12:47.562112'),
                                                                  (43, 'Xavian', '2025-07-15 00:12:47.562116'),
                                                                  (43, 'Vesper', '2025-05-31 00:12:47.562120'),
                                                                  (43, 'Gael', '2025-05-22 00:12:47.562125'),
                                                                  (44, 'Zarek', '2025-06-17 00:12:47.562130'),
                                                                  (44, 'Caelum', '2025-06-22 00:12:47.562134'),
                                                                  (44, 'Valko', '2025-06-27 00:12:47.562139'),
                                                                  (46, 'Riven', '2025-06-23 00:12:47.562148'),
                                                                  (46, 'Malric', '2025-06-01 00:12:47.562155'),
                                                                  (46, 'Freya', '2025-07-05 00:12:47.562163'),
                                                                  (48, 'Riven', '2025-07-03 00:12:47.562171'),
                                                                  (53, 'Oberon', '2025-07-03 00:12:47.562176'),
                                                                  (53, 'Lirien', '2025-05-27 00:12:47.562181'),
                                                                  (53, 'Blake', '2025-07-12 00:12:47.562185'),
                                                                  (53, 'Kaelin', '2025-05-24 00:12:47.562189'),
                                                                  (53, 'Zarek', '2025-05-30 00:12:47.562193'),
                                                                  (55, 'Caelum', '2025-06-16 00:12:47.562199'),
                                                                  (55, 'Winry', '2025-07-06 00:12:47.562203'),
                                                                  (55, 'Thalia', '2025-06-08 00:12:47.562208'),
                                                                  (55, 'Mirek', '2025-07-18 00:12:47.562212'),
                                                                  (55, 'Lirien', '2025-06-16 00:12:47.562216'),
                                                                  (56, 'Quillon', '2025-06-01 00:12:47.562221'),
                                                                  (56, 'Malric', '2025-06-12 00:12:47.562225'),
                                                                  (56, 'Yorick', '2025-07-10 00:12:47.562229'),
                                                                  (56, 'Winry', '2025-06-23 00:12:47.562233'),
                                                                  (56, 'Freya', '2025-07-14 00:12:47.562237'),
                                                                  (57, 'Mirek', '2025-06-18 00:12:47.562243'),
                                                                  (57, 'Kaelin', '2025-06-03 00:12:47.562247'),
                                                                  ( 57, 'Lyra', '2025-05-25 00:12:47.562251'),
                                                                  ( 57, 'Vesper', '2025-07-03 00:12:47.562255'),
                                                                  ( 60, 'Orion', '2025-07-08 00:12:47.562261'),
                                                                  ( 60, 'Thalia', '2025-06-22 00:12:47.562265'),
                                                                  ( 60, 'Zarek', '2025-05-26 00:12:47.562269'),
                                                                  ( 60, 'Freya', '2025-06-20 00:12:47.562273'),
                                                                  ( 61, 'Vesper', '2025-05-27 00:12:47.562278'),
                                                                  ( 61, 'Finnian', '2025-06-19 00:12:47.562282'),
                                                                  ( 61, 'Kieran', '2025-07-07 00:12:47.562286'),
                                                                  ( 61, 'Gideon', '2025-06-24 00:12:47.562290'),
                                                                  ( 64, 'Quinn', '2025-06-13 00:12:47.562297'),
                                                                  ( 65, 'Gideon', '2025-06-22 00:12:47.562306'),
                                                                  ( 65, 'Umber', '2025-05-24 00:12:47.562326'),
                                                                  ( 65, 'Riven', '2025-06-15 00:12:47.562334'),
                                                                  ( 65, 'Xavian', '2025-05-31 00:12:47.562342'),
                                                                  ( 67, 'Kaelin', '2025-07-08 00:12:47.562347'),
                                                                  ( 71, 'Blake', '2025-07-17 00:12:47.562353'),
                                                                  ( 72, 'Zarek', '2025-06-18 00:12:47.562358'),
                                                                  ( 72, 'Torin', '2025-06-01 00:12:47.562362'),
                                                                  ( 72, 'Lirien', '2025-06-03 00:12:47.562366'),
                                                                  ( 74, 'Yorick', '2025-07-06 00:12:47.562371'),
                                                                  ( 74, 'Isolde', '2025-07-02 00:12:47.562376'),
                                                                  ( 74, 'Halston', '2025-06-21 00:12:47.562380'),
                                                                  ( 74, 'Orion', '2025-06-19 00:12:47.562384'),
                                                                  ( 75, 'Gideon', '2025-07-17 00:12:47.562389'),
                                                                  ( 78, 'Finnian', '2025-06-08 00:12:47.562395'),
                                                                  ( 78, 'Ysolde', '2025-05-24 00:12:47.562399'),
                                                                  ( 81, 'Gideon', '2025-05-23 00:12:47.562405'),
                                                                  ( 81, 'Gideon', '2025-05-28 00:12:47.562409'),
                                                                  ( 85, 'Zarek', '2025-06-14 00:12:47.562415'),
                                                                  ( 85, 'Elara', '2025-07-16 00:12:47.562419'),
                                                                  ( 85, 'Riven', '2025-06-19 00:12:47.562423'),
                                                                  ( 86, 'Jareth', '2025-07-18 00:12:47.562428'),
                                                                  ( 88, 'Aveline', '2025-07-20 00:12:47.562434'),
                                                                  ( 88, 'Juno', '2025-05-21 00:12:47.562438'),
                                                                  ( 88, 'Wren', '2025-07-07 00:12:47.562442'),
                                                                  ( 88, 'Kieran', '2025-07-12 00:12:47.562446'),
                                                                  ( 88, 'Aveline', '2025-06-25 00:12:47.562450'),
                                                                  ( 91, 'Elara', '2025-05-27 00:12:47.562456'),
                                                                  ( 93, 'Zarek', '2025-06-19 00:12:47.562461'),
                                                                  ( 96, 'Oberon', '2025-07-13 00:12:47.562467'),
                                                                  ( 97, 'Ysolde', '2025-05-29 00:12:47.562472'),
                                                                  ( 99, 'Lirien', '2025-07-13 00:12:47.562477'),
                                                                  ( 99, 'Valko', '2025-07-07 00:12:47.562481'),
                                                                  ( 99, 'Kieran', '2025-06-27 00:12:47.562485'),
                                                                  ( 102, 'Thalia', '2025-06-11 00:12:47.562491'),
                                                                  ( 106, 'Helena', '2025-05-23 00:12:47.562497'),
                                                                  ( 106, 'Kieran', '2025-07-08 00:12:47.562501'),
                                                                  ( 106, 'Delwyn', '2025-05-24 00:12:47.562505'),
                                                                  ( 106, 'Jareth', '2025-07-15 00:12:47.562509'),
                                                                  ( 106, 'Thalia', '2025-07-06 00:12:47.562517'),
                                                                  ( 108, 'Rowan', '2025-06-10 00:12:47.562523'),
                                                                  ( 108, 'Gideon', '2025-07-18 00:12:47.562528'),
                                                                  ( 108, 'Seraphine', '2025-07-19 00:12:47.562532'),
                                                                  ( 108, 'Nyssa', '2025-06-13 00:12:47.562538'),
                                                                  ( 110, 'Quinn', '2025-07-01 00:12:47.562548'),
                                                                  ( 110, 'Quillon', '2025-06-25 00:12:47.562555'),
                                                                  ( 110, 'Gideon', '2025-07-15 00:12:47.562562'),
                                                                  ( 112, 'Wren', '2025-06-17 00:12:47.562568'),
                                                                  ( 112, 'Oberon', '2025-06-01 00:12:47.562572'),
                                                                  ( 112, 'Ulric', '2025-06-23 00:12:47.562576'),
                                                                  ( 112, 'Xavian', '2025-06-05 00:12:47.562580'),
                                                                  ( 113, 'Valko', '2025-06-21 00:12:47.562586'),
                                                                  ( 113, 'Freya', '2025-07-09 00:12:47.562590'),
                                                                  ( 113, 'Phaedra', '2025-06-11 00:12:47.562594'),
                                                                  ( 113, 'Nyssa', '2025-06-15 00:12:47.562598'),
                                                                  ( 114, 'Isolde', '2025-05-26 00:12:47.562603'),
                                                                  ( 114, 'Elara', '2025-06-03 00:12:47.562608'),
                                                                  ( 115, 'Quillon', '2025-05-21 00:12:47.562613'),
                                                                  ( 115, 'Kieran', '2025-07-15 00:12:47.562617'),
                                                                  ( 115, 'Elara', '2025-07-14 00:12:47.562621'),
                                                                  ( 119, 'Gideon', '2025-06-05 00:12:47.562627'),
                                                                  ( 119, 'Nyssa', '2025-05-26 00:12:47.562631'),
                                                                  ( 120, 'Juno', '2025-05-27 00:12:47.562636'),
                                                                  ( 120, 'Halston', '2025-07-08 00:12:47.562641'),
                                                                  ( 120, 'Quillon', '2025-06-02 00:12:47.562645'),
                                                                  ( 120, 'Rowan', '2025-05-21 00:12:47.562793'),
                                                                  ( 121, 'Seraphine', '2025-07-14 00:12:47.562806'),
                                                                  ( 121, 'Vesper', '2025-07-03 00:12:47.562813'),
                                                                  ( 121, 'Umber', '2025-07-16 00:12:47.562820'),
                                                                  ( 121, 'Malric', '2025-06-15 00:12:47.562828'),
                                                                  ( 121, 'Nyssa', '2025-06-20 00:12:47.562845'),
                                                                  ( 123, 'Phaedra', '2025-06-08 00:12:47.562850'),
                                                                  ( 123, 'Gideon', '2025-05-28 00:12:47.562855'),
                                                                  ( 123, 'Orion', '2025-07-13 00:12:47.562859'),
                                                                  ( 123, 'Caron', '2025-06-22 00:12:47.562863'),
                                                                  ( 124, 'Kieran', '2025-07-13 00:12:47.562868'),
                                                                  ( 124, 'Perin', '2025-06-19 00:12:47.562876'),
                                                                  ( 124, 'Quinn', '2025-07-01 00:12:47.562881'),
                                                                  ( 126, 'Orion', '2025-06-11 00:12:47.562890'),
                                                                  ( 133, 'Juno', '2025-06-30 00:12:47.562900'),
                                                                  ( 133, 'Nerys', '2025-06-11 00:12:47.562907'),
                                                                  ( 133, 'Ivar', '2025-06-13 00:12:47.562915'),
                                                                  ( 133, 'Quillon', '2025-05-31 00:12:47.562922'),
                                                                  ( 134, 'Perin', '2025-05-29 00:12:47.562931'),
                                                                  ( 134, 'Perin', '2025-07-18 00:12:47.562939'),
                                                                  ( 136, 'Blake', '2025-06-06 00:12:47.562952'),
                                                                  ( 136, 'Ysolde', '2025-07-01 00:12:47.562956'),
                                                                  ( 136, 'Riven', '2025-06-10 00:12:47.562961'),
                                                                  ( 136, 'Emric', '2025-06-21 00:12:47.562965'),
                                                                  ( 136, 'Umber', '2025-06-24 00:12:47.562969'),
                                                                  ( 140, 'Mirek', '2025-07-04 00:12:47.562974'),
                                                                  ( 142, 'Helena', '2025-06-27 00:12:47.562980'),
                                                                  ( 142, 'Perin', '2025-06-11 00:12:47.562984'),
                                                                  ( 142, 'Quinn', '2025-06-25 00:12:47.562988'),
                                                                  ( 142, 'Delwyn', '2025-06-10 00:12:47.562992'),
                                                                  ( 143, 'Perin', '2025-06-13 00:12:47.562997'),
                                                                  ( 143, 'Aveline', '2025-05-31 00:12:47.563001'),
                                                                  ( 143, 'Rowan', '2025-07-16 00:12:47.563005'),
                                                                  ( 144, 'Caron', '2025-06-26 00:12:47.563010'),
                                                                  ( 144, 'Dorian', '2025-06-19 00:12:47.563015'),
                                                                  ( 144, 'Quinn', '2025-07-09 00:12:47.563019'),
                                                                  ( 144, 'Orion', '2025-05-27 00:12:47.563023'),
                                                                  ( 144, 'Kieran', '2025-07-11 00:12:47.563027'),
                                                                  ( 146, 'Mirek', '2025-06-16 00:12:47.563032'),
                                                                  ( 146, 'Xanthe', '2025-06-29 00:12:47.563036'),
                                                                  ( 146, 'Ysolde', '2025-06-22 00:12:47.563041'),
                                                                  ( 148, 'Halston', '2025-06-21 00:12:47.563046'),
                                                                  ( 148, 'Ysolde', '2025-06-11 00:12:47.563050'),
                                                                  ( 148, 'Finnian', '2025-06-01 00:12:47.563054'),
                                                                  ( 149, 'Riven', '2025-05-23 00:12:47.563059'),
                                                                  ( 149, 'Ysolde', '2025-06-05 00:12:47.563063'),
                                                                  ( 149, 'Blake', '2025-06-10 00:12:47.563070'),
                                                                  ( 149, 'Wren', '2025-06-20 00:12:47.563074'),
                                                                  ( 149, 'Ulric', '2025-07-13 00:12:47.563078'),
                                                                  ( 152, 'Xavian', '2025-06-09 00:12:47.563083'),
                                                                  ( 152, 'Blake', '2025-06-20 00:12:47.563088'),
                                                                  ( 152, 'Rowan', '2025-06-26 00:12:47.563092'),
                                                                  ( 152, 'Lirien', '2025-07-05 00:12:47.563096'),
                                                                  ( 154, 'Juno', '2025-06-03 00:12:47.563101'),
                                                                  ( 154, 'Dorian', '2025-07-09 00:12:47.563105'),
                                                                  ( 154, 'Mirek', '2025-05-25 00:12:47.563109'),
                                                                  ( 155, 'Kieran', '2025-06-17 00:12:47.563114'),
                                                                  ( 155, 'Ivar', '2025-06-07 00:12:47.563118'),
                                                                  ( 155, 'Phaedra', '2025-06-11 00:12:47.563123'),
                                                                  ( 155, 'Jareth', '2025-06-28 00:12:47.563127'),
                                                                  ( 155, 'Blake', '2025-06-05 00:12:47.563131'),
                                                                  ( 156, 'Thalia', '2025-07-15 00:12:47.563137'),
                                                                  ( 158, 'Riven', '2025-07-20 00:12:47.563143'),
                                                                  ( 158, 'Wren', '2025-07-07 00:12:47.563147'),
                                                                  ( 159, 'Bastian', '2025-07-15 00:12:47.563152'),
                                                                  ( 159, 'Winry', '2025-06-23 00:12:47.563156'),
                                                                  ( 159, 'Nyssa', '2025-05-29 00:12:47.563160'),
                                                                  ( 159, 'Kieran', '2025-06-05 00:12:47.563164'),
                                                                  ( 159, 'Elara', '2025-05-31 00:12:47.563168'),
                                                                  ( 161, 'Rowan', '2025-06-10 00:12:47.563173'),
                                                                  ( 161, 'Gideon', '2025-05-27 00:12:47.563178'),
                                                                  ( 161, 'Nerys', '2025-06-26 00:12:47.563182'),
                                                                  ( 161, 'Kieran', '2025-06-24 00:12:47.563186'),
                                                                  ( 162, 'Kieran', '2025-06-15 00:12:47.563191'),
                                                                  ( 162, 'Dorian', '2025-07-09 00:12:47.563195'),
                                                                  ( 162, 'Halston', '2025-06-13 00:12:47.563199'),
                                                                  ( 164, 'Seraphine', '2025-07-09 00:12:47.563204'),
                                                                  ( 164, 'Torin', '2025-05-31 00:12:47.563209'),
                                                                  ( 164, 'Gideon', '2025-05-28 00:12:47.563215'),
                                                                  ( 167, 'Wren', '2025-05-21 00:12:47.563225'),
                                                                  ( 167, 'Helena', '2025-06-08 00:12:47.563232'),
                                                                  ( 167, 'Caron', '2025-07-01 00:12:47.563240'),
                                                                  ( 167, 'Gideon', '2025-07-01 00:12:47.563244'),
                                                                  ( 178, 'Halston', '2025-07-11 00:12:47.563250'),
                                                                  ( 178, 'Helena', '2025-06-28 00:12:47.563254'),
                                                                  ( 178, 'Rowan', '2025-06-19 00:12:47.563259'),
                                                                  ( 178, 'Caelum', '2025-06-20 00:12:47.563263'),
                                                                  ( 178, 'Torin', '2025-05-28 00:12:47.563267'),
                                                                  ( 181, 'Delwyn', '2025-05-30 00:12:47.563273'),
                                                                  ( 181, 'Rowan', '2025-07-18 00:12:47.563277'),
                                                                  ( 182, 'Ulric', '2025-07-05 00:12:47.563282'),
                                                                  ( 182, 'Delwyn', '2025-07-10 00:12:47.563286'),
                                                                  ( 182, 'Ulric', '2025-06-13 00:12:47.563291'),
                                                                  ( 182, 'Seraphine', '2025-06-21 00:12:47.563295'),
                                                                  ( 182, 'Elara', '2025-06-30 00:12:47.563299'),
                                                                  ( 187, 'Rowan', '2025-05-23 00:12:47.563305'),
                                                                  ( 187, 'Blake', '2025-06-29 00:12:47.563309'),
                                                                  ( 187, 'Caron', '2025-05-22 00:12:47.563313'),
                                                                  ( 189, 'Gael', '2025-06-25 00:12:47.563318'),
                                                                  ( 189, 'Ulric', '2025-07-08 00:12:47.563323'),
                                                                  ( 191, 'Quillon', '2025-06-27 00:12:47.563328'),
                                                                  ( 191, 'Kieran', '2025-06-10 00:12:47.563332'),
                                                                  ( 191, 'Ivar', '2025-06-24 00:12:47.563336'),
                                                                  ( 191, 'Freya', '2025-06-05 00:12:47.563341'),
                                                                  ( 192, 'Mirek', '2025-06-07 00:12:47.563346'),
                                                                  ( 193, 'Emric', '2025-06-04 00:12:47.563351'),
                                                                  ( 193, 'Gideon', '2025-05-21 00:12:47.563355'),
                                                                  ( 196, 'Umber', '2025-07-16 00:12:47.563360'),
                                                                  ( 196, 'Phaedra', '2025-07-20 00:12:47.563365'),
                                                                  ( 196, 'Orion', '2025-06-20 00:12:47.563369'),
                                                                  ( 196, 'Emric', '2025-06-02 00:12:47.563373'),
                                                                  ( 196, 'Lyra', '2025-07-09 00:12:47.563378'),
                                                                  ( 202, 'Emric', '2025-05-27 00:12:47.563389'),
                                                                  ( 202, 'Finnian', '2025-07-08 00:12:47.563396'),
                                                                  ( 202, 'Perin', '2025-07-05 00:12:47.563403'),
                                                                  ( 203, 'Yorick', '2025-06-02 00:12:47.563413'),
                                                                  ( 203, 'Quinn', '2025-06-24 00:12:47.563417'),
                                                                  ( 203, 'Freya', '2025-06-21 00:12:47.563421'),
                                                                  ( 203, 'Jareth', '2025-06-03 00:12:47.563425'),
                                                                  ( 203, 'Helena', '2025-06-19 00:12:47.563429'),
                                                                  ( 204, 'Ysolde', '2025-07-02 00:12:47.563434'),
                                                                  ( 204, 'Vesper', '2025-07-09 00:12:47.563439'),
                                                                  ( 204, 'Orion', '2025-07-06 00:12:47.563443'),
                                                                  ( 204, 'Kaelin', '2025-06-20 00:12:47.563447'),
                                                                  ( 204, 'Xavian', '2025-07-11 00:12:47.563451'),
                                                                  ( 205, 'Helena', '2025-07-09 00:12:47.563456'),
                                                                  ( 205, 'Nyssa', '2025-07-02 00:12:47.563460'),
                                                                  ( 205, 'Bastian', '2025-06-17 00:12:47.563465'),
                                                                  ( 205, 'Freya', '2025-06-22 00:12:47.563469'),
                                                                  ( 205, 'Winry', '2025-06-26 00:12:47.563473'),
                                                                  ( 207, 'Halston', '2025-06-01 00:12:47.563479'),
                                                                  ( 207, 'Xanthe', '2025-06-09 00:12:47.563484'),
                                                                  ( 209, 'Emric', '2025-05-30 00:12:47.563489'),
                                                                  ( 209, 'Freya', '2025-07-13 00:12:47.563494'),
                                                                  ( 209, 'Helena', '2025-05-26 00:12:47.563498'),
                                                                  ( 210, 'Oberon', '2025-06-28 00:12:47.563503'),
                                                                  ( 210, 'Ulric', '2025-07-10 00:12:47.563508'),
                                                                  ( 210, 'Bastian', '2025-06-10 00:12:47.563512'),
                                                                  ( 210, 'Phaedra', '2025-07-20 00:12:47.563516'),
                                                                  ( 210, 'Mirek', '2025-06-16 00:12:47.563520'),
                                                                  ( 214, 'Phaedra', '2025-06-13 00:12:47.563526'),
                                                                  ( 214, 'Freya', '2025-06-25 00:12:47.563530'),
                                                                  ( 214, 'Blake', '2025-05-29 00:12:47.563535'),
                                                                  ( 214, 'Jareth', '2025-06-06 00:12:47.563539'),
                                                                  ( 217, 'Yorick', '2025-07-14 00:12:47.563544'),
                                                                  ( 217, 'Halston', '2025-06-03 00:12:47.563549'),
                                                                  ( 217, 'Perin', '2025-06-15 00:12:47.563553'),
                                                                  ( 222, 'Winry', '2025-06-05 00:12:47.563559'),
                                                                  ( 224, 'Isolde', '2025-06-29 00:12:47.563564'),
                                                                  ( 224, 'Xanthe', '2025-06-22 00:12:47.563568'),
                                                                  ( 228, 'Xavian', '2025-06-12 00:12:47.563574'),
                                                                  ( 228, 'Gael', '2025-06-07 00:12:47.563578'),
                                                                  ( 230, 'Oberon', '2025-07-17 00:12:47.563583'),
                                                                  ( 230, 'Oberon', '2025-06-09 00:12:47.563587'),
                                                                  ( 232, 'Quinn', '2025-05-28 00:12:47.563593'),
                                                                  ( 232, 'Emric', '2025-06-26 00:12:47.563597'),
                                                                  ( 232, 'Helena', '2025-07-14 00:12:47.563601'),
                                                                  ( 232, 'Gael', '2025-07-01 00:12:47.563606'),
                                                                  ( 232, 'Xanthe', '2025-06-03 00:12:47.563610'),
                                                                  ( 233, 'Seraphine', '2025-06-07 00:12:47.563618'),
                                                                  ( 233, 'Riven', '2025-06-12 00:12:47.563626'),
                                                                  ( 238, 'Oberon', '2025-07-11 00:12:47.563641'),
                                                                  ( 238, 'Emric', '2025-07-02 00:12:47.563647'),
                                                                  ( 238, 'Elara', '2025-07-04 00:12:47.563651'),
                                                                  ( 242, 'Torin', '2025-06-18 00:12:47.563657'),
                                                                  ( 242, 'Seraphine', '2025-07-12 00:12:47.563661'),
                                                                  ( 242, 'Nerys', '2025-06-18 00:12:47.563665'),
                                                                  ( 242, 'Thalia', '2025-06-26 00:12:47.563670'),
                                                                  ( 244, 'Bastian', '2025-06-11 00:12:47.563675'),
                                                                  ( 244, 'Freya', '2025-06-14 00:12:47.563679'),
                                                                  ( 244, 'Helena', '2025-05-28 00:12:47.563683'),
                                                                  ( 246, 'Delwyn', '2025-06-24 00:12:47.563689'),
                                                                  ( 248, 'Isolde', '2025-07-20 00:12:47.563694'),
                                                                  ( 248, 'Nerys', '2025-05-30 00:12:47.563698'),
                                                                  ( 248, 'Finnian', '2025-06-24 00:12:47.563702'),
                                                                  ( 249, 'Finnian', '2025-05-23 00:12:47.563707'),
                                                                  ( 249, 'Nyssa', '2025-06-28 00:12:47.563712'),
                                                                  ( 249, 'Gideon', '2025-06-09 00:12:47.563716'),
                                                                  ( 251, 'Lyra', '2025-06-09 00:12:47.563722'),
                                                                  ( 251, 'Nerys', '2025-05-21 00:12:47.563726'),
                                                                  ( 251, 'Wren', '2025-06-05 00:12:47.563731'),
                                                                  ( 251, 'Quillon', '2025-07-09 00:12:47.563735'),
                                                                  ( 253, 'Gideon', '2025-06-27 00:12:47.563740'),
                                                                  ( 257, 'Lyra', '2025-07-04 00:12:47.563746'),
                                                                  ( 257, 'Ulric', '2025-07-05 00:12:47.563750'),
                                                                  ( 257, 'Nyssa', '2025-06-04 00:12:47.563754'),
                                                                  ( 257, 'Nerys', '2025-06-08 00:12:47.563758'),
                                                                  ( 257, 'Gael', '2025-06-11 00:12:47.563762'),
                                                                  ( 258, 'Halston', '2025-07-06 00:12:47.563767'),
                                                                  ( 258, 'Valko', '2025-05-23 00:12:47.563772'),
                                                                  ( 258, 'Bastian', '2025-06-02 00:12:47.563776'),
                                                                  ( 258, 'Orion', '2025-06-14 00:12:47.563780'),
                                                                  ( 259, 'Sylas', '2025-06-22 00:12:47.563785'),
                                                                  ( 259, 'Jareth', '2025-07-07 00:12:47.563789'),
                                                                  ( 259, 'Yorick', '2025-06-04 00:12:47.563794'),
                                                                  ( 260, 'Helena', '2025-07-06 00:12:47.563799'),
                                                                  ( 260, 'Sylas', '2025-06-15 00:12:47.563803'),
                                                                  ( 260, 'Ulric', '2025-06-14 00:12:47.563807'),
                                                                  ( 263, 'Helena', '2025-06-24 00:12:47.563812'),
                                                                  ( 263, 'Zarek', '2025-07-08 00:12:47.563817'),
                                                                  ( 263, 'Quillon', '2025-06-01 00:12:47.563821'),
                                                                  ( 264, 'Phaedra', '2025-07-13 00:12:47.563826'),
                                                                  ( 264, 'Sylas', '2025-07-09 00:12:47.563830'),
                                                                  ( 264, 'Umber', '2025-06-08 00:12:47.563834'),
                                                                  ( 266, 'Orion', '2025-07-08 00:12:47.563840'),
                                                                  ( 266, 'Quillon', '2025-06-06 00:12:47.563844'),
                                                                  ( 266, 'Orion', '2025-06-27 00:12:47.563848'),
                                                                  ( 268, 'Umber', '2025-06-03 00:12:47.563853'),
                                                                  ( 270, 'Emric', '2025-06-24 00:12:47.563859'),
                                                                  ( 270, 'Kaelin', '2025-07-06 00:12:47.563864'),
                                                                  ( 270, 'Helena', '2025-06-17 00:12:47.563868'),
                                                                  ( 270, 'Wren', '2025-07-19 00:12:47.563872'),
                                                                  ( 273, 'Wren', '2025-07-15 00:12:47.563881'),
                                                                  ( 273, 'Riven', '2025-07-16 00:12:47.563889'),
                                                                  ( 273, 'Ulric', '2025-07-18 00:12:47.563896'),
                                                                  ( 273, 'Lirien', '2025-07-07 00:12:47.563904'),
                                                                  ( 274, 'Winry', '2025-05-25 00:12:47.563915'),
                                                                  ( 274, 'Rowan', '2025-05-28 00:12:47.563919'),
                                                                  ( 274, 'Jareth', '2025-06-04 00:12:47.563923'),
                                                                  ( 274, 'Sylas', '2025-05-31 00:12:47.563927'),
                                                                  ( 274, 'Yorick', '2025-07-09 00:12:47.563932'),
                                                                  ( 275, 'Kaelin', '2025-07-07 00:12:47.563937'),
                                                                  ( 275, 'Umber', '2025-07-09 00:12:47.563941'),
                                                                  ( 275, 'Torin', '2025-06-19 00:12:47.563946'),
                                                                  ( 275, 'Nerys', '2025-07-03 00:12:47.563950'),
                                                                  ( 276, 'Zarek', '2025-06-13 00:12:47.563955'),
                                                                  ( 276, 'Finnian', '2025-06-20 00:12:47.563963'),
                                                                  ( 276, 'Delwyn', '2025-06-07 00:12:47.563971'),
                                                                  ( 276, 'Bastian', '2025-05-26 00:12:47.563978'),
                                                                  ( 279, 'Blake', '2025-07-09 00:12:47.563987'),
                                                                  ( 279, 'Nerys', '2025-07-20 00:12:47.563995'),
                                                                  ( 279, 'Umber', '2025-06-24 00:12:47.563999'),
                                                                  ( 279, 'Phaedra', '2025-06-11 00:12:47.564003'),
                                                                  ( 280, 'Perin', '2025-06-12 00:12:47.564008'),
                                                                  ( 280, 'Isolde', '2025-07-14 00:12:47.564012'),
                                                                  ( 280, 'Yorick', '2025-06-19 00:12:47.564017'),
                                                                  ( 281, 'Rowan', '2025-05-28 00:12:47.564022'),
                                                                  ( 281, 'Delwyn', '2025-07-03 00:12:47.564026'),
                                                                  ( 281, 'Mirek', '2025-05-29 00:12:47.564030'),
                                                                  ( 281, 'Juno', '2025-06-06 00:12:47.564034'),
                                                                  ( 281, 'Delwyn', '2025-07-10 00:12:47.564038'),
                                                                  ( 282, 'Ysolde', '2025-07-04 00:12:47.564043'),
                                                                  ( 282, 'Rowan', '2025-06-28 00:12:47.564047'),
                                                                  ( 282, 'Kieran', '2025-06-18 00:12:47.564051'),
                                                                  ( 282, 'Kieran', '2025-06-25 00:12:47.564056'),
                                                                  ( 284, 'Wren', '2025-07-17 00:12:47.564061'),
                                                                  ( 284, 'Xanthe', '2025-06-06 00:12:47.564065'),
                                                                  ( 284, 'Valko', '2025-07-02 00:12:47.564069'),
                                                                  ( 284, 'Nerys', '2025-06-21 00:12:47.564073'),
                                                                  ( 284, 'Finnian', '2025-07-12 00:12:47.564077'),
                                                                  ( 290, 'Halston', '2025-05-28 00:12:47.564083'),
                                                                  ( 290, 'Perin', '2025-07-16 00:12:47.564088'),
                                                                  ( 290, 'Jareth', '2025-05-24 00:12:47.564092'),
                                                                  ( 294, 'Nyssa', '2025-06-24 00:12:47.564097'),
                                                                  ( 295, 'Elara', '2025-07-07 00:12:47.564103'),
                                                                  ( 295, 'Gideon', '2025-07-17 00:12:47.564107'),
                                                                  ( 295, 'Valko', '2025-05-28 00:12:47.564111'),
                                                                  ( 297, 'Ivar', '2025-07-02 00:12:47.564117'),
                                                                  ( 297, 'Blake', '2025-07-16 00:12:47.564121'),
                                                                  ( 297, 'Vesper', '2025-07-16 00:12:47.564125'),
                                                                  ( 297, 'Elara', '2025-07-12 00:12:47.564129'),
                                                                  ( 298, 'Freya', '2025-07-03 00:12:47.564135'),
                                                                  ( 298, 'Vesper', '2025-06-19 00:12:47.564139'),
                                                                  ( 298, 'Valko', '2025-07-13 00:12:47.564143'),
                                                                  ( 298, 'Dorian', '2025-06-03 00:12:47.564147'),
                                                                  ( 299, 'Kieran', '2025-06-14 00:12:47.564152'),
                                                                  ( 300, 'Juno', '2025-07-19 00:12:47.564157'),
                                                                  ( 300, 'Sylas', '2025-06-24 00:12:47.564162'),
                                                                  ( 300, 'Bastian', '2025-06-01 00:12:47.564166'),
                                                                  ( 306, 'Rowan', '2025-06-25 00:12:47.564172'),
                                                                  ( 310, 'Nyssa', '2025-07-05 00:12:47.564177'),
                                                                  ( 312, 'Elara', '2025-06-21 00:12:47.564184'),
                                                                  ( 312, 'Seraphine', '2025-07-19 00:12:47.564188'),
                                                                  ( 313, 'Xanthe', '2025-06-04 00:12:47.564193'),
                                                                  ( 313, 'Zarek', '2025-07-11 00:12:47.564197'),
                                                                  ( 313, 'Ysolde', '2025-07-16 00:12:47.564201'),
                                                                  ( 314, 'Caelum', '2025-05-29 00:12:47.564206'),
                                                                  ( 314, 'Elara', '2025-06-11 00:12:47.564211'),
                                                                  ( 314, 'Yorick', '2025-06-08 00:12:47.564215'),
                                                                  ( 315, 'Valko', '2025-07-20 00:12:47.564220'),
                                                                  ( 315, 'Caelum', '2025-05-26 00:12:47.564224'),
                                                                  ( 315, 'Elara', '2025-06-07 00:12:47.564228'),
                                                                  ( 316, 'Kaelin', '2025-07-19 00:12:47.564235'),
                                                                  ( 316, 'Ivar', '2025-06-22 00:12:47.564239'),
                                                                  ( 316, 'Malric', '2025-07-15 00:12:47.564243'),
                                                                  ( 316, 'Bastian', '2025-07-11 00:12:47.564247'),
                                                                  ( 317, 'Perin', '2025-07-14 00:12:47.564252'),
                                                                  ( 317, 'Perin', '2025-06-18 00:12:47.564256'),
                                                                  ( 319, 'Caron', '2025-07-16 00:12:47.564262'),
                                                                  ( 319, 'Lyra', '2025-07-04 00:12:47.564266'),
                                                                  ( 319, 'Rowan', '2025-06-30 00:12:47.564270'),
                                                                  ( 319, 'Winry', '2025-07-01 00:12:47.564274'),
                                                                  ( 320, 'Vesper', '2025-07-11 00:12:47.564279'),
                                                                  ( 320, 'Quillon', '2025-07-08 00:12:47.564283'),
                                                                  ( 320, 'Gael', '2025-06-21 00:12:47.564289'),
                                                                  ( 324, 'Oberon', '2025-07-14 00:12:47.564298'),
                                                                  ( 324, 'Quinn', '2025-06-16 00:12:47.564306'),
                                                                  ( 325, 'Orion', '2025-06-19 00:12:47.564321'),
                                                                  ( 325, 'Xavian', '2025-07-04 00:12:47.564326'),
                                                                  ( 325, 'Ysolde', '2025-06-05 00:12:47.564330'),
                                                                  ( 326, 'Caron', '2025-06-11 00:12:47.564335'),
                                                                  ( 326, 'Thalia', '2025-05-21 00:12:47.564339'),
                                                                  ( 327, 'Ulric', '2025-06-22 00:12:47.564344'),
                                                                  ( 327, 'Malric', '2025-05-25 00:12:47.564349'),
                                                                  ( 327, 'Elara', '2025-06-30 00:12:47.564354'),
                                                                  ( 327, 'Oberon', '2025-05-26 00:12:47.564358'),
                                                                  ( 328, 'Oberon', '2025-07-16 00:12:47.564364'),
                                                                  ( 328, 'Valko', '2025-07-18 00:12:47.564368'),
                                                                  ( 328, 'Quinn', '2025-06-07 00:12:47.564372'),
                                                                  ( 328, 'Seraphine', '2025-07-03 00:12:47.564376'),
                                                                  ( 328, 'Wren', '2025-07-01 00:12:47.564380'),
                                                                  ( 330, 'Valko', '2025-07-19 00:12:47.564386'),
                                                                  ( 330, 'Gael', '2025-05-31 00:12:47.564390'),
                                                                  ( 331, 'Thalia', '2025-07-15 00:12:47.564395'),
                                                                  ( 331, 'Zarek', '2025-07-15 00:12:47.564399'),
                                                                  ( 331, 'Orion', '2025-05-27 00:12:47.564403'),
                                                                  ( 331, 'Blake', '2025-07-07 00:12:47.564408'),
                                                                  ( 331, 'Helena', '2025-06-08 00:12:47.564412'),
                                                                  ( 334, 'Freya', '2025-07-11 00:12:47.564417'),
                                                                  ( 334, 'Elara', '2025-06-27 00:12:47.564422'),
                                                                  ( 334, 'Riven', '2025-06-14 00:12:47.564426'),
                                                                  ( 335, 'Quillon', '2025-06-09 00:12:47.564431'),
                                                                  ( 335, 'Rowan', '2025-06-27 00:12:47.564435'),
                                                                  ( 337, 'Malric', '2025-05-23 00:12:47.564441'),
                                                                  ( 337, 'Helena', '2025-06-23 00:12:47.564445'),
                                                                  ( 337, 'Nerys', '2025-06-10 00:12:47.564449'),
                                                                  ( 337, 'Kieran', '2025-06-08 00:12:47.564454'),
                                                                  ( 338, 'Caron', '2025-06-08 00:12:47.564463'),
                                                                  ( 340, 'Ulric', '2025-06-25 00:12:47.564473'),
                                                                  ( 341, 'Bastian', '2025-06-29 00:12:47.564482'),
                                                                  ( 341, 'Quinn', '2025-07-09 00:12:47.564490'),
                                                                  ( 341, 'Winry', '2025-06-08 00:12:47.564494'),
                                                                  ( 341, 'Gideon', '2025-05-24 00:12:47.564498'),
                                                                  ( 341, 'Juno', '2025-06-22 00:12:47.564502'),
                                                                  ( 342, 'Zarek', '2025-05-28 00:12:47.564507'),
                                                                  ( 343, 'Halston', '2025-07-06 00:12:47.564513'),
                                                                  ( 343, 'Helena', '2025-05-24 00:12:47.564517'),
                                                                  ( 343, 'Vesper', '2025-07-05 00:12:47.564521'),
                                                                  ( 345, 'Lyra', '2025-06-13 00:12:47.564527'),
                                                                  ( 345, 'Ivar', '2025-06-29 00:12:47.564531'),
                                                                  ( 345, 'Kaelin', '2025-07-19 00:12:47.564535'),
                                                                  ( 345, 'Ysolde', '2025-07-15 00:12:47.564539'),
                                                                  ( 345, 'Seraphine', '2025-07-17 00:12:47.564543'),
                                                                  ( 348, 'Nerys', '2025-07-15 00:12:47.564548'),
                                                                  ( 348, 'Yorick', '2025-07-13 00:12:47.564553'),
                                                                  ( 349, 'Finnian', '2025-07-04 00:12:47.564558'),
                                                                  ( 351, 'Yorick', '2025-06-20 00:12:47.564563'),
                                                                  ( 352, 'Jareth', '2025-06-26 00:12:47.564569'),
                                                                  ( 352, 'Halston', '2025-06-18 00:12:47.564573'),
                                                                  ( 352, 'Juno', '2025-06-20 00:12:47.564577'),
                                                                  ( 352, 'Helena', '2025-07-16 00:12:47.564581'),
                                                                  ( 352, 'Perin', '2025-07-20 00:12:47.564585'),
                                                                  ( 353, 'Oberon', '2025-06-09 00:12:47.564591'),
                                                                  ( 353, 'Oberon', '2025-06-21 00:12:47.564595'),
                                                                  ( 353, 'Valko', '2025-06-18 00:12:47.564599'),
                                                                  ( 355, 'Kaelin', '2025-06-05 00:12:47.564604'),
                                                                  ( 355, 'Isolde', '2025-05-26 00:12:47.564608'),
                                                                  ( 357, 'Emric', '2025-07-19 00:12:47.564613'),
                                                                  ( 357, 'Freya', '2025-06-30 00:12:47.564618'),
                                                                  ( 360, 'Aveline', '2025-05-21 00:12:47.564623');

-- População da tabela Like_Musica
INSERT INTO Like_Musica (username, musica_id, like_timestamp) VALUES
                                                                  ('Finnian', 220, '2025-06-14 00:12:47.564936'),
                                                                  ('Caron', 220, '2025-05-31 00:12:47.564946'),
                                                                  ('Kaelin', 220, '2025-07-14 00:12:47.564952'),
                                                                  ('Kaelin', 259, '2025-06-20 00:12:47.564966'),
                                                                  ('Nerys', 259, '2025-06-10 00:12:47.564973'),
                                                                  ('Jareth', 259, '2025-07-03 00:12:47.564979'),
                                                                  ('Lyra', 259, '2025-06-10 00:12:47.564987'),
                                                                  ('Vesper', 320, '2025-06-27 00:12:47.565232'),
                                                                  ('Wren', 320, '2025-06-28 00:12:47.565255'),
                                                                  ('Helena', 122, '2025-06-15 00:12:47.565266'),
                                                                  ('Caron', 244, '2025-06-09 00:12:47.565275'),
                                                                  ('Delwyn', 244, '2025-07-12 00:12:47.565279'),
                                                                  ('Dorian', 66, '2025-06-05 00:12:47.565287'),
                                                                  ('Aveline', 66, '2025-07-07 00:12:47.565290'),
                                                                  ('Wren', 66, '2025-06-21 00:12:47.565294'),
                                                                  ('Oberon', 235, '2025-06-10 00:12:47.565301'),
                                                                  ('Emric', 235, '2025-07-10 00:12:47.565304'),
                                                                  ('Aveline', 65, '2025-07-03 00:12:47.565311'),
                                                                  ('Elara', 65, '2025-07-03 00:12:47.565315'),
                                                                  ('Dorian', 65, '2025-06-10 00:12:47.565318'),
                                                                  ('Riven', 145, '2025-06-04 00:12:47.565325'),
                                                                  ('Phaedra', 145, '2025-06-01 00:12:47.565328'),
                                                                  ('Oberon', 89, '2025-07-04 00:12:47.565335'),
                                                                  ('Torin', 111, '2025-06-05 00:12:47.565345'),
                                                                  ('Lyra', 111, '2025-06-29 00:12:47.565352'),
                                                                  ('Emric', 111, '2025-07-01 00:12:47.565359'),
                                                                  ('Wren', 111, '2025-06-24 00:12:47.565365'),
                                                                  ('Oberon', 88, '2025-06-20 00:12:47.565376'),
                                                                  ('Vesper', 88, '2025-07-05 00:12:47.565380'),
                                                                  ('Sylas', 88, '2025-07-09 00:12:47.565383'),
                                                                  ('Helena', 88, '2025-06-03 00:12:47.565387'),
                                                                  ('Ulric', 161, '2025-06-04 00:12:47.565395'),
                                                                  ('Kieran', 161, '2025-07-09 00:12:47.565399'),
                                                                  ('Phaedra', 161, '2025-07-05 00:12:47.565403'),
                                                                  ('Malric', 161, '2025-06-15 00:12:47.565406'),
                                                                  ('Orion', 181, '2025-07-06 00:12:47.565413'),
                                                                  ('Rowan', 181, '2025-06-28 00:12:47.565416'),
                                                                  ('Nerys', 181, '2025-06-29 00:12:47.565420'),
                                                                  ('Lirien', 271, '2025-06-06 00:12:47.565426'),
                                                                  ('Freya', 271, '2025-07-03 00:12:47.565430'),
                                                                  ('Blake', 271, '2025-07-13 00:12:47.565433'),
                                                                  ('Torin', 171, '2025-06-02 00:12:47.565439'),
                                                                  ('Winry', 108, '2025-07-13 00:12:47.565449'),
                                                                  ('Xanthe', 108, '2025-06-22 00:12:47.565456'),
                                                                  ('Yorick', 108, '2025-06-16 00:12:47.565462'),
                                                                  ('Helena', 247, '2025-06-26 00:12:47.565473'),
                                                                  ('Ysolde', 247, '2025-06-03 00:12:47.565479'),
                                                                  ('Quinn', 247, '2025-07-01 00:12:47.565485'),
                                                                  ('Ulric', 241, '2025-07-15 00:12:47.565501'),
                                                                  ('Rowan', 196, '2025-06-12 00:12:47.565513'),
                                                                  ('Malric', 196, '2025-07-05 00:12:47.565519'),
                                                                  ('Torin', 196, '2025-07-20 00:12:47.565525'),
                                                                  ('Caron', 51, '2025-06-01 00:12:47.565548'),
                                                                  ('Sylas', 51, '2025-06-27 00:12:47.565553'),
                                                                  ('Nyssa', 51, '2025-06-23 00:12:47.565557'),
                                                                  ('Vesper', 51, '2025-07-01 00:12:47.565561'),
                                                                  ('Quinn', 189, '2025-07-12 00:12:47.565567'),
                                                                  ('Blake', 118, '2025-07-09 00:12:47.565573'),
                                                                  ('Lyra', 159, '2025-06-28 00:12:47.565580'),
                                                                  ('Caron', 159, '2025-06-28 00:12:47.565586'),
                                                                  ('Halston', 159, '2025-05-31 00:12:47.565592'),
                                                                  ('Nyssa', 159, '2025-07-08 00:12:47.565598'),
                                                                  ('Xavian', 179, '2025-06-11 00:12:47.565609'),
                                                                  ('Caron', 234, '2025-06-13 00:12:47.565617'),
                                                                  ('Wren', 71, '2025-07-03 00:12:47.565628'),
                                                                  ('Lirien', 71, '2025-06-24 00:12:47.565635'),
                                                                  ('Malric', 71, '2025-07-08 00:12:47.565641'),
                                                                  ('Thalia', 35, '2025-07-08 00:12:47.565647'),
                                                                  ('Caelum', 35, '2025-07-05 00:12:47.565651'),
                                                                  ('Winry', 337, '2025-06-01 00:12:47.565657'),
                                                                  ('Dorian', 25, '2025-07-19 00:12:47.565663'),
                                                                  ('Freya', 138, '2025-07-06 00:12:47.565670'),
                                                                  ('Seraphine', 138, '2025-06-14 00:12:47.565673'),
                                                                  ('Umber', 138, '2025-07-12 00:12:47.565677'),
                                                                  ('Lirien', 101, '2025-07-14 00:12:47.565683'),
                                                                  ('Emric', 101, '2025-06-04 00:12:47.565686'),
                                                                  ('Ivar', 326, '2025-07-04 00:12:47.565693'),
                                                                  ('Perin', 150, '2025-06-20 00:12:47.565699'),
                                                                  ('Orion', 150, '2025-07-07 00:12:47.565703'),
                                                                  ('Orion', 163, '2025-06-24 00:12:47.565709'),
                                                                  ('Mirek', 237, '2025-07-17 00:12:47.565716'),
                                                                  ('Blake', 237, '2025-06-22 00:12:47.565721'),
                                                                  ('Ulric', 237, '2025-07-15 00:12:47.565727'),
                                                                  ('Xanthe', 237, '2025-07-06 00:12:47.565732'),
                                                                  ('Vesper', 260, '2025-06-16 00:12:47.565753'),
                                                                  ('Blake', 260, '2025-05-31 00:12:47.565760'),
                                                                  ('Elara', 260, '2025-06-03 00:12:47.565766'),
                                                                  ('Perin', 292, '2025-06-21 00:12:47.565777'),
                                                                  ('Seraphine', 292, '2025-06-05 00:12:47.565784'),
                                                                  ('Juno', 292, '2025-06-24 00:12:47.565794'),
                                                                  ('Delwyn', 140, '2025-06-25 00:12:47.565806'),
                                                                  ('Xavian', 140, '2025-06-23 00:12:47.565813'),
                                                                  ('Thalia', 140, '2025-07-15 00:12:47.565829'),
                                                                  ('Yorick', 140, '2025-06-24 00:12:47.565833'),
                                                                  ('Caron', 47, '2025-06-20 00:12:47.565839'),
                                                                  ('Xavian', 47, '2025-06-26 00:12:47.565843'),
                                                                  ('Caelum', 229, '2025-06-28 00:12:47.565854'),
                                                                  ('Juno', 229, '2025-07-04 00:12:47.565865'),
                                                                  ('Xavian', 7, '2025-06-16 00:12:47.565875'),
                                                                  ('Nerys', 98, '2025-06-05 00:12:47.565887'),
                                                                  ('Quillon', 98, '2025-07-03 00:12:47.565899'),
                                                                  ('Thalia', 98, '2025-07-17 00:12:47.565905'),
                                                                  ('Blake', 98, '2025-06-14 00:12:47.565911'),
                                                                  ('Zarek', 11, '2025-07-11 00:12:47.565924'),
                                                                  ('Ulric', 11, '2025-07-05 00:12:47.565928'),
                                                                  ('Ysolde', 11, '2025-06-05 00:12:47.565931'),
                                                                  ('Perin', 11, '2025-05-31 00:12:47.565935'),
                                                                  ('Yorick', 128, '2025-06-24 00:12:47.565950'),
                                                                  ('Aveline', 128, '2025-06-18 00:12:47.565956'),
                                                                  ('Caelum', 61, '2025-06-18 00:12:47.565972'),
                                                                  ('Quillon', 61, '2025-07-07 00:12:47.565978'),
                                                                  ('Yorick', 296, '2025-06-17 00:12:47.565989'),
                                                                  ('Kaelin', 285, '2025-07-07 00:12:47.566000'),
                                                                  ('Caron', 285, '2025-07-01 00:12:47.566006'),
                                                                  ('Quinn', 178, '2025-06-04 00:12:47.566024'),
                                                                  ('Torin', 178, '2025-06-10 00:12:47.566031'),
                                                                  ('Vesper', 178, '2025-06-02 00:12:47.566037'),
                                                                  ('Ysolde', 316, '2025-06-05 00:12:47.566048'),
                                                                  ('Winry', 82, '2025-06-06 00:12:47.566054'),
                                                                  ('Bastian', 4, '2025-06-05 00:12:47.566068'),
                                                                  ('Xavian', 4, '2025-05-31 00:12:47.566075'),
                                                                  ('Aveline', 249, '2025-07-12 00:12:47.566094'),
                                                                  ('Malric', 249, '2025-06-19 00:12:47.566099'),
                                                                  ('Juno', 168, '2025-07-20 00:12:47.566111'),
                                                                  ('Xanthe', 168, '2025-07-10 00:12:47.566117'),
                                                                  ('Kieran', 168, '2025-06-21 00:12:47.566123'),
                                                                  ('Quillon', 168, '2025-07-15 00:12:47.566130'),
                                                                  ('Caelum', 44, '2025-07-16 00:12:47.566141'),
                                                                  ('Thalia', 276, '2025-06-04 00:12:47.566159'),
                                                                  ('Elara', 276, '2025-06-16 00:12:47.566165'),
                                                                  ('Malric', 306, '2025-06-02 00:12:47.566171'),
                                                                  ('Ulric', 335, '2025-07-07 00:12:47.566179'),
                                                                  ('Gael', 152, '2025-05-31 00:12:47.566193'),
                                                                  ('Valko', 152, '2025-06-17 00:12:47.566197'),
                                                                  ('Lirien', 152, '2025-06-12 00:12:47.566201'),
                                                                  ('Umber', 307, '2025-06-23 00:12:47.566207'),
                                                                  ('Nyssa', 307, '2025-07-16 00:12:47.566211'),
                                                                  ('Mirek', 307, '2025-06-29 00:12:47.566214'),
                                                                  ('Umber', 265, '2025-07-11 00:12:47.566221'),
                                                                  ('Vesper', 265, '2025-06-14 00:12:47.566224'),
                                                                  ('Gideon', 265, '2025-06-28 00:12:47.566228'),
                                                                  ('Valko', 183, '2025-06-19 00:12:47.566238'),
                                                                  ('Riven', 219, '2025-06-02 00:12:47.566248'),
                                                                  ('Gideon', 312, '2025-07-14 00:12:47.566258'),
                                                                  ('Umber', 312, '2025-06-30 00:12:47.566262'),
                                                                  ('Riven', 312, '2025-06-25 00:12:47.566266'),
                                                                  ('Blake', 15, '2025-07-06 00:12:47.566272'),
                                                                  ('Bastian', 294, '2025-07-11 00:12:47.566279'),
                                                                  ('Vesper', 294, '2025-06-08 00:12:47.566282'),
                                                                  ('Emric', 294, '2025-07-17 00:12:47.566288'),
                                                                  ('Wren', 294, '2025-06-05 00:12:47.566294'),
                                                                  ('Mirek', 216, '2025-06-07 00:12:47.566306'),
                                                                  ('Caelum', 216, '2025-06-05 00:12:47.566312'),
                                                                  ('Xavian', 216, '2025-06-26 00:12:47.566318'),
                                                                  ('Oberon', 216, '2025-06-14 00:12:47.566324'),
                                                                  ('Zarek', 162, '2025-06-16 00:12:47.566335'),
                                                                  ('Blake', 162, '2025-06-23 00:12:47.566341'),
                                                                  ('Wren', 67, '2025-07-07 00:12:47.566348'),
                                                                  ('Oberon', 67, '2025-05-31 00:12:47.566351'),
                                                                  ('Torin', 67, '2025-06-12 00:12:47.566355'),
                                                                  ('Quillon', 67, '2025-07-19 00:12:47.566358'),
                                                                  ('Mirek', 77, '2025-07-01 00:12:47.566365'),
                                                                  ('Quillon', 77, '2025-06-17 00:12:47.566369'),
                                                                  ('Kieran', 77, '2025-06-11 00:12:47.566384'),
                                                                  ('Sylas', 77, '2025-06-18 00:12:47.566390'),
                                                                  ('Zarek', 164, '2025-07-06 00:12:47.566402'),
                                                                  ('Vesper', 164, '2025-06-03 00:12:47.566405'),
                                                                  ('Caron', 164, '2025-06-25 00:12:47.566409'),
                                                                  ('Kaelin', 164, '2025-07-11 00:12:47.566413'),
                                                                  ('Vesper', 347, '2025-07-18 00:12:47.566424'),
                                                                  ('Gideon', 347, '2025-07-19 00:12:47.566430'),
                                                                  ('Jareth', 115, '2025-07-11 00:12:47.566441'),
                                                                  ('Dorian', 115, '2025-06-27 00:12:47.566447'),
                                                                  ('Ulric', 115, '2025-07-12 00:12:47.566452'),
                                                                  ('Wren', 121, '2025-07-16 00:12:47.566458'),
                                                                  ('Gael', 343, '2025-07-20 00:12:47.566464'),
                                                                  ('Perin', 31, '2025-06-09 00:12:47.566470'),
                                                                  ('Gideon', 295, '2025-06-10 00:12:47.566476'),
                                                                  ('Aveline', 295, '2025-07-04 00:12:47.566480'),
                                                                  ('Ysolde', 258, '2025-06-08 00:12:47.566486'),
                                                                  ('Lirien', 258, '2025-06-15 00:12:47.566490'),
                                                                  ('Vesper', 258, '2025-05-31 00:12:47.566493'),
                                                                  ('Phaedra', 23, '2025-07-19 00:12:47.566500'),
                                                                  ('Finnian', 23, '2025-06-28 00:12:47.566504'),
                                                                  ('Vesper', 175, '2025-07-01 00:12:47.566511'),
                                                                  ('Freya', 175, '2025-06-23 00:12:47.566517'),
                                                                  ('Quinn', 80, '2025-06-22 00:12:47.566528'),
                                                                  ('Jareth', 80, '2025-06-16 00:12:47.566534'),
                                                                  ('Dorian', 80, '2025-06-15 00:12:47.566541'),
                                                                  ('Ysolde', 147, '2025-07-18 00:12:47.566548'),
                                                                  ('Kaelin', 129, '2025-07-05 00:12:47.566555'),
                                                                  ('Jareth', 129, '2025-07-04 00:12:47.566558'),
                                                                  ('Isolde', 129, '2025-07-02 00:12:47.566562'),
                                                                  ('Valko', 129, '2025-06-21 00:12:47.566565'),
                                                                  ('Perin', 264, '2025-07-15 00:12:47.566572'),
                                                                  ('Isolde', 264, '2025-06-27 00:12:47.566575'),
                                                                  ('Quillon', 275, '2025-07-18 00:12:47.566584'),
                                                                  ('Oberon', 275, '2025-07-11 00:12:47.566590'),
                                                                  ('Caelum', 284, '2025-06-30 00:12:47.566600'),
                                                                  ('Bastian', 278, '2025-06-06 00:12:47.566612'),
                                                                  ('Lirien', 278, '2025-06-21 00:12:47.566617'),
                                                                  ('Phaedra', 278, '2025-06-25 00:12:47.566621'),
                                                                  ('Lyra', 68, '2025-07-10 00:12:47.566628'),
                                                                  ('Sylas', 68, '2025-06-20 00:12:47.566632'),
                                                                  ('Lirien', 68, '2025-06-28 00:12:47.566635'),
                                                                  ('Rowan', 68, '2025-06-22 00:12:47.566639'),
                                                                  ('Emric', 75, '2025-07-15 00:12:47.566645'),
                                                                  ('Zarek', 75, '2025-06-05 00:12:47.566727'),
                                                                  ('Rowan', 75, '2025-07-04 00:12:47.566736'),
                                                                  ('Yorick', 286, '2025-06-13 00:12:47.566749'),
                                                                  ('Sylas', 286, '2025-07-15 00:12:47.566756'),
                                                                  ('Mirek', 286, '2025-06-18 00:12:47.566762'),
                                                                  ('Dorian', 24, '2025-07-02 00:12:47.566773'),
                                                                  ('Freya', 24, '2025-06-04 00:12:47.566779'),
                                                                  ('Aveline', 24, '2025-06-25 00:12:47.566786'),
                                                                  ('Gael', 139, '2025-06-06 00:12:47.566794'),
                                                                  ('Xanthe', 139, '2025-06-12 00:12:47.566798'),
                                                                  ('Orion', 279, '2025-06-01 00:12:47.566806'),
                                                                  ('Umber', 279, '2025-07-12 00:12:47.566812'),
                                                                  ('Seraphine', 231, '2025-06-29 00:12:47.566824'),
                                                                  ('Xanthe', 231, '2025-07-07 00:12:47.566832'),
                                                                  ('Gideon', 231, '2025-06-23 00:12:47.566838'),
                                                                  ('Helena', 188, '2025-06-24 00:12:47.566849'),
                                                                  ('Oberon', 188, '2025-07-11 00:12:47.566855'),
                                                                  ('Malric', 188, '2025-07-16 00:12:47.566862'),
                                                                  ('Ulric', 192, '2025-06-04 00:12:47.566878'),
                                                                  ('Xanthe', 192, '2025-06-24 00:12:47.566884'),
                                                                  ('Helena', 192, '2025-06-19 00:12:47.566891'),
                                                                  ('Gideon', 192, '2025-06-22 00:12:47.566896'),
                                                                  ('Malric', 301, '2025-06-11 00:12:47.566903'),
                                                                  ('Helena', 301, '2025-06-19 00:12:47.566906'),
                                                                  ('Nyssa', 301, '2025-06-01 00:12:47.566910'),
                                                                  ('Ysolde', 301, '2025-07-18 00:12:47.566913'),
                                                                  ('Finnian', 224, '2025-07-01 00:12:47.566921'),
                                                                  ('Sylas', 224, '2025-07-11 00:12:47.566924'),
                                                                  ('Kieran', 224, '2025-07-11 00:12:47.566928'),
                                                                  ('Ivar', 49, '2025-06-29 00:12:47.566934'),
                                                                  ('Malric', 49, '2025-06-17 00:12:47.566938'),
                                                                  ('Dorian', 49, '2025-06-04 00:12:47.566942'),
                                                                  ('Gael', 354, '2025-07-13 00:12:47.566948'),
                                                                  ('Isolde', 354, '2025-06-18 00:12:47.566951'),
                                                                  ('Mirek', 106, '2025-07-03 00:12:47.566957'),
                                                                  ('Gael', 59, '2025-06-28 00:12:47.566963'),
                                                                  ('Ivar', 86, '2025-07-16 00:12:47.566970'),
                                                                  ('Gideon', 86, '2025-06-03 00:12:47.566974'),
                                                                  ('Aveline', 86, '2025-07-17 00:12:47.566977'),
                                                                  ('Delwyn', 104, '2025-06-29 00:12:47.566984'),
                                                                  ('Orion', 104, '2025-06-11 00:12:47.566988'),
                                                                  ('Wren', 104, '2025-07-13 00:12:47.566992'),
                                                                  ('Oberon', 104, '2025-07-02 00:12:47.566995'),
                                                                  ('Phaedra', 22, '2025-06-19 00:12:47.567001'),
                                                                  ('Torin', 22, '2025-06-28 00:12:47.567005'),
                                                                  ('Winry', 272, '2025-06-22 00:12:47.567011'),
                                                                  ('Emric', 272, '2025-07-15 00:12:47.567015'),
                                                                  ('Quinn', 272, '2025-05-31 00:12:47.567019'),
                                                                  ('Quillon', 267, '2025-06-24 00:12:47.567026'),
                                                                  ('Rowan', 267, '2025-07-03 00:12:47.567030'),
                                                                  ('Winry', 267, '2025-06-15 00:12:47.567033'),
                                                                  ('Riven', 267, '2025-06-29 00:12:47.567037'),
                                                                  ('Freya', 74, '2025-07-12 00:12:47.567043'),
                                                                  ('Torin', 74, '2025-06-11 00:12:47.567047'),
                                                                  ('Umber', 74, '2025-07-01 00:12:47.567053'),
                                                                  ('Kieran', 58, '2025-06-08 00:12:47.567064'),
                                                                  ('Emric', 58, '2025-06-20 00:12:47.567071'),
                                                                  ('Nerys', 58, '2025-06-08 00:12:47.567075'),
                                                                  ('Thalia', 207, '2025-06-27 00:12:47.567081'),
                                                                  ('Umber', 207, '2025-07-01 00:12:47.567085'),
                                                                  ('Halston', 274, '2025-06-18 00:12:47.567096'),
                                                                  ('Wren', 274, '2025-07-05 00:12:47.567102'),
                                                                  ('Thalia', 274, '2025-07-15 00:12:47.567115'),
                                                                  ('Quillon', 293, '2025-07-01 00:12:47.567122'),
                                                                  ('Delwyn', 293, '2025-06-14 00:12:47.567126'),
                                                                  ('Xavian', 293, '2025-07-17 00:12:47.567129'),
                                                                  ('Halston', 349, '2025-06-12 00:12:47.567135'),
                                                                  ('Kieran', 349, '2025-06-23 00:12:47.567139'),
                                                                  ('Gideon', 322, '2025-06-23 00:12:47.567146'),
                                                                  ('Nerys', 322, '2025-06-25 00:12:47.567149'),
                                                                  ('Quillon', 322, '2025-07-01 00:12:47.567153'),
                                                                  ('Sylas', 322, '2025-07-02 00:12:47.567157'),
                                                                  ('Helena', 32, '2025-07-14 00:12:47.567163'),
                                                                  ('Valko', 32, '2025-06-23 00:12:47.567167'),
                                                                  ('Ulric', 32, '2025-06-09 00:12:47.567171'),
                                                                  ('Riven', 32, '2025-06-07 00:12:47.567176'),
                                                                  ('Seraphine', 313, '2025-06-08 00:12:47.567187'),
                                                                  ('Umber', 313, '2025-06-06 00:12:47.567194'),
                                                                  ('Xavian', 313, '2025-06-27 00:12:47.567206'),
                                                                  ('Jareth', 313, '2025-06-04 00:12:47.567212'),
                                                                  ('Gideon', 134, '2025-07-16 00:12:47.567225'),
                                                                  ('Orion', 134, '2025-07-18 00:12:47.567229'),
                                                                  ('Elara', 134, '2025-07-13 00:12:47.567232'),
                                                                  ('Zarek', 360, '2025-07-14 00:12:47.567238'),
                                                                  ('Quinn', 360, '2025-07-11 00:12:47.567242'),
                                                                  ('Wren', 324, '2025-07-09 00:12:47.567248'),
                                                                  ('Quillon', 324, '2025-06-19 00:12:47.567252'),
                                                                  ('Ulric', 63, '2025-06-13 00:12:47.567258'),
                                                                  ('Torin', 63, '2025-05-31 00:12:47.567262'),
                                                                  ('Vesper', 63, '2025-06-05 00:12:47.567266');

-- População da tabela Like_Playlist
INSERT INTO Like_Playlist (username, playlist_nome, playlist_username, like_timestamp) VALUES
                                                                                           ('Lirien', 'Chill Vibes', 'Blake', '2025-06-24 00:12:47.567557'),
                                                                                           ('Freya', 'Chill Vibes', 'Blake', '2025-06-25 00:12:47.567569'),
                                                                                           ('Quillon', 'Chill Vibes', 'Blake', '2025-07-20 00:12:47.567576'),
                                                                                           ('Caelum', 'Chill Vibes', 'Blake', '2025-07-01 00:12:47.567592'),
                                                                                           ('Quinn', 'Chill Vibes', 'Blake', '2025-06-22 00:12:47.567596'),
                                                                                           ('Emric', 'Classical Moments', 'Caron', '2025-06-27 00:12:47.567616'),
                                                                                           ('Oberon', 'Classical Moments', 'Caron', '2025-06-24 00:12:47.567624'),
                                                                                           ('Ulric', 'Classical Moments', 'Caron', '2025-06-28 00:12:47.567632'),
                                                                                           ('Finnian', 'Classical Moments', 'Caron', '2025-06-28 00:12:47.567638'),
                                                                                           ('Rowan', 'Classical Moments', 'Caron', '2025-07-14 00:12:47.567645'),
                                                                                           ('Bastian', 'Classical Moments', 'Caron', '2025-07-01 00:12:47.567652'),
                                                                                           ('Perin', 'Hip-Hop Beats', 'Dorian', '2025-07-09 00:12:47.567668'),
                                                                                           ('Oberon', 'Hip-Hop Beats', 'Dorian', '2025-06-21 00:12:47.567675'),
                                                                                           ('Kieran', 'Hip-Hop Beats', 'Dorian', '2025-07-10 00:12:47.567681'),
                                                                                           ('Malric', 'House Party', 'Elara', '2025-06-30 00:12:47.567698'),
                                                                                           ('Vesper', 'House Party', 'Elara', '2025-06-25 00:12:47.567701'),
                                                                                           ('Juno', 'House Party', 'Elara', '2025-07-11 00:12:47.567705'),
                                                                                           ('Blake', 'House Party', 'Elara', '2025-06-25 00:12:47.567709'),
                                                                                           ('Lirien', 'House Party', 'Elara', '2025-07-16 00:12:47.567712'),
                                                                                           ('Zarek', 'House Party', 'Elara', '2025-07-19 00:12:47.567716'),
                                                                                           ('Malric', 'Indie Essentials', 'Finnian', '2025-07-14 00:12:47.567728'),
                                                                                           ('Lyra', 'Indie Essentials', 'Finnian', '2025-07-14 00:12:47.567731'),
                                                                                           ('Isolde', 'Indie Essentials', 'Finnian', '2025-07-12 00:12:47.567735'),
                                                                                           ('Emric', 'Indie Essentials', 'Finnian', '2025-06-20 00:12:47.567738'),
                                                                                           ('Seraphine', 'Indie Essentials', 'Finnian', '2025-07-05 00:12:47.567742'),
                                                                                           ('Ivar', 'Indie Essentials', 'Finnian', '2025-06-25 00:12:47.567746'),
                                                                                           ('Ivar', 'Smooth Jazz', 'Gael', '2025-06-29 00:12:47.567756'),
                                                                                           ('Caron', 'Smooth Jazz', 'Gael', '2025-07-12 00:12:47.567759'),
                                                                                           ('Sylas', 'Smooth Jazz', 'Gael', '2025-07-12 00:12:47.567763'),
                                                                                           ('Quinn', 'Latino Heat', 'Halston', '2025-07-16 00:12:47.567772'),
                                                                                           ('Delwyn', 'Latino Heat', 'Halston', '2025-06-26 00:12:47.567775'),
                                                                                           ('Ulric', 'Metal Storm', 'Isolde', '2025-07-01 00:12:47.567786'),
                                                                                           ('Riven', 'Metal Storm', 'Isolde', '2025-07-03 00:12:47.567790'),
                                                                                           ('Valko', 'Metal Storm', 'Isolde', '2025-07-02 00:12:47.567793'),
                                                                                           ('Kieran', 'Metal Storm', 'Isolde', '2025-07-12 00:12:47.567797'),
                                                                                           ('Wren', 'Metal Storm', 'Isolde', '2025-07-07 00:12:47.567800'),
                                                                                           ('Aveline', 'Pop Parade', 'Jareth', '2025-07-08 00:12:47.567811'),
                                                                                           ('Kieran', 'Pop Parade', 'Jareth', '2025-06-23 00:12:47.567814'),
                                                                                           ('Kaelin', 'Pop Parade', 'Jareth', '2025-07-07 00:12:47.567818'),
                                                                                           ('Caron', 'Pop Parade', 'Jareth', '2025-07-11 00:12:47.567821'),
                                                                                           ('Mirek', 'Pop Parade', 'Jareth', '2025-07-08 00:12:47.567825'),
                                                                                           ('Vesper', 'Reggae Rhythm', 'Kaelin', '2025-06-21 00:12:47.567839'),
                                                                                           ('Isolde', 'Reggae Rhythm', 'Kaelin', '2025-07-06 00:12:47.567846'),
                                                                                           ('Thalia', 'Reggae Rhythm', 'Kaelin', '2025-06-24 00:12:47.567851'),
                                                                                           ('Torin', 'RnB Grooves', 'Lirien', '2025-07-07 00:12:47.567876'),
                                                                                           ('Lyra', 'RnB Grooves', 'Lirien', '2025-07-06 00:12:47.567882'),
                                                                                           ('Emric', 'RnB Grooves', 'Lirien', '2025-06-27 00:12:47.567888'),
                                                                                           ('Ulric', 'Rock Legends', 'Mirek', '2025-07-17 00:12:47.567905'),
                                                                                           ('Gideon', 'Rock Legends', 'Mirek', '2025-07-05 00:12:47.567911'),
                                                                                           ('Lirien', 'Rock Legends', 'Mirek', '2025-07-03 00:12:47.567917'),
                                                                                           ('Quillon', 'Rock Legends', 'Mirek', '2025-07-02 00:12:47.567923');


-- População da tabela Segue_Utilizador
INSERT INTO Segue_Utilizador (seguidor_username, seguido_username) VALUES
                                                                       ('Blake', 'Freya'),
                                                                       ('Blake', 'Winry'),
                                                                       ('Blake', 'Helena'),
                                                                       ('Caron', 'Nerys'),
                                                                       ('Caron', 'Rowan'),
                                                                       ('Dorian', 'Juno'),
                                                                       ('Dorian', 'Kaelin'),
                                                                       ('Dorian', 'Lyra'),
                                                                       ('Dorian', 'Quillon'),
                                                                       ('Dorian', 'Riven'),
                                                                       ('Elara', 'Dorian'),
                                                                       ('Elara', 'Nerys'),
                                                                       ('Finnian', 'Isolde'),
                                                                       ('Finnian', 'Yorick'),
                                                                       ('Finnian', 'Ivar'),
                                                                       ('Finnian', 'Torin'),
                                                                       ('Gael', 'Ivar'),
                                                                       ('Gael', 'Ysolde'),
                                                                       ('Gael', 'Bastian'),
                                                                       ('Gael', 'Blake'),
                                                                       ('Gael', 'Jareth'),
                                                                       ('Halston', 'Sylas'),
                                                                       ('Halston', 'Lyra'),
                                                                       ('Halston', 'Zarek'),
                                                                       ('Halston', 'Malric'),
                                                                       ('Halston', 'Kaelin'),
                                                                       ('Isolde', 'Zarek'),
                                                                       ('Isolde', 'Umber'),
                                                                       ('Isolde', 'Ivar'),
                                                                       ('Isolde', 'Yorick'),
                                                                       ('Isolde', 'Ulric'),
                                                                       ('Jareth', 'Rowan'),
                                                                       ('Jareth', 'Orion'),
                                                                       ('Kaelin', 'Lirien'),
                                                                       ('Kaelin', 'Finnian'),
                                                                       ('Kaelin', 'Quillon'),
                                                                       ('Lirien', 'Oberon'),
                                                                       ('Lirien', 'Kaelin'),
                                                                       ('Lirien', 'Kieran'),
                                                                       ('Mirek', 'Lyra'),
                                                                       ('Mirek', 'Freya'),
                                                                       ('Mirek', 'Quinn'),
                                                                       ('Nyssa', 'Ulric'),
                                                                       ('Nyssa', 'Nerys'),
                                                                       ('Nyssa', 'Sylas'),
                                                                       ('Orion', 'Sylas'),
                                                                       ('Orion', 'Delwyn'),
                                                                       ('Orion', 'Nerys'),
                                                                       ('Orion', 'Nyssa'),
                                                                       ('Orion', 'Torin'),
                                                                       ('Phaedra', 'Kaelin'),
                                                                       ('Phaedra', 'Ulric'),
                                                                       ('Quillon', 'Caelum'),
                                                                       ('Quillon', 'Isolde'),
                                                                       ('Quillon', 'Ulric'),
                                                                       ('Riven', 'Kaelin'),
                                                                       ('Riven', 'Xanthe'),
                                                                       ('Sylas', 'Perin'),
                                                                       ('Sylas', 'Bastian'),
                                                                       ('Sylas', 'Emric'),
                                                                       ('Sylas', 'Gideon'),
                                                                       ('Thalia', 'Bastian'),
                                                                       ('Thalia', 'Lyra'),
                                                                       ('Ulric', 'Riven'),
                                                                       ('Ulric', 'Torin'),
                                                                       ('Ulric', 'Halston'),
                                                                       ('Ulric', 'Blake'),
                                                                       ('Vesper', 'Nyssa'),
                                                                       ('Vesper', 'Jareth'),
                                                                       ('Vesper', 'Dorian'),
                                                                       ('Wren', 'Umber'),
                                                                       ('Wren', 'Gael'),
                                                                       ('Wren', 'Zarek'),
                                                                       ('Wren', 'Phaedra'),
                                                                       ('Wren', 'Emric'),
                                                                       ('Xavian', 'Freya'),
                                                                       ('Xavian', 'Wren'),
                                                                       ('Xavian', 'Malric'),
                                                                       ('Xavian', 'Seraphine'),
                                                                       ('Xavian', 'Yorick'),
                                                                       ('Ysolde', 'Halston'),
                                                                       ('Ysolde', 'Winry'),
                                                                       ('Zarek', 'Thalia'),
                                                                       ('Zarek', 'Seraphine'),
                                                                       ('Aveline', 'Quillon'),
                                                                       ('Aveline', 'Juno'),
                                                                       ('Aveline', 'Jareth'),
                                                                       ('Aveline', 'Phaedra'),
                                                                       ('Bastian', 'Phaedra'),
                                                                       ('Bastian', 'Seraphine'),
                                                                       ('Bastian', 'Kaelin'),
                                                                       ('Bastian', 'Delwyn'),
                                                                       ('Bastian', 'Mirek'),
                                                                       ('Caelum', 'Orion'),
                                                                       ('Caelum', 'Gael'),
                                                                       ('Caelum', 'Xanthe'),
                                                                       ('Caelum', 'Thalia'),
                                                                       ('Delwyn', 'Finnian'),
                                                                       ('Delwyn', 'Malric'),
                                                                       ('Delwyn', 'Emric'),
                                                                       ('Delwyn', 'Kieran'),
                                                                       ('Emric', 'Torin'),
                                                                       ('Emric', 'Halston'),
                                                                       ('Emric', 'Helena'),
                                                                       ('Emric', 'Oberon'),
                                                                       ('Freya', 'Isolde'),
                                                                       ('Freya', 'Kieran'),
                                                                       ('Freya', 'Wren'),
                                                                       ('Gideon', 'Delwyn'),
                                                                       ('Gideon', 'Finnian'),
                                                                       ('Helena', 'Nerys'),
                                                                       ('Helena', 'Kieran'),
                                                                       ('Helena', 'Caron'),
                                                                       ('Ivar', 'Finnian'),
                                                                       ('Ivar', 'Elara'),
                                                                       ('Ivar', 'Oberon'),
                                                                       ('Ivar', 'Valko'),
                                                                       ('Juno', 'Vesper'),
                                                                       ('Juno', 'Kieran'),
                                                                       ('Juno', 'Lirien'),
                                                                       ('Juno', 'Caron'),
                                                                       ('Kieran', 'Valko'),
                                                                       ('Kieran', 'Vesper'),
                                                                       ('Kieran', 'Mirek'),
                                                                       ('Kieran', 'Xanthe'),
                                                                       ('Kieran', 'Aveline'),
                                                                       ('Lyra', 'Caelum'),
                                                                       ('Lyra', 'Halston'),
                                                                       ('Lyra', 'Umber'),
                                                                       ('Malric', 'Finnian'),
                                                                       ('Malric', 'Mirek'),
                                                                       ('Nerys', 'Nyssa'),
                                                                       ('Nerys', 'Bastian'),
                                                                       ('Nerys', 'Winry'),
                                                                       ('Nerys', 'Mirek'),
                                                                       ('Nerys', 'Helena'),
                                                                       ('Oberon', 'Finnian'),
                                                                       ('Oberon', 'Lyra'),
                                                                       ('Oberon', 'Gael'),
                                                                       ('Oberon', 'Emric'),
                                                                       ('Oberon', 'Xanthe'),
                                                                       ('Perin', 'Isolde'),
                                                                       ('Perin', 'Jareth'),
                                                                       ('Perin', 'Yorick'),
                                                                       ('Quinn', 'Nerys'),
                                                                       ('Quinn', 'Vesper'),
                                                                       ('Quinn', 'Ulric'),
                                                                       ('Rowan', 'Valko'),
                                                                       ('Rowan', 'Lirien'),
                                                                       ('Rowan', 'Helena'),
                                                                       ('Rowan', 'Ivar'),
                                                                       ('Rowan', 'Mirek'),
                                                                       ('Seraphine', 'Mirek'),
                                                                       ('Seraphine', 'Lirien'),
                                                                       ('Seraphine', 'Valko'),
                                                                       ('Seraphine', 'Ysolde'),
                                                                       ('Torin', 'Gael'),
                                                                       ('Torin', 'Sylas'),
                                                                       ('Torin', 'Wren'),
                                                                       ('Torin', 'Kieran'),
                                                                       ('Torin', 'Thalia'),
                                                                       ('Umber', 'Freya'),
                                                                       ('Umber', 'Thalia'),
                                                                       ('Umber', 'Quinn'),
                                                                       ('Valko', 'Caelum'),
                                                                       ('Valko', 'Dorian'),
                                                                       ('Valko', 'Elara'),
                                                                       ('Valko', 'Xavian'),
                                                                       ('Valko', 'Nerys'),
                                                                       ('Winry', 'Helena'),
                                                                       ('Winry', 'Mirek'),
                                                                       ('Winry', 'Kaelin'),
                                                                       ('Xanthe', 'Yorick'),
                                                                       ('Xanthe', 'Elara'),
                                                                       ('Xanthe', 'Aveline'),
                                                                       ('Xanthe', 'Caron'),
                                                                       ('Xanthe', 'Xavian'),
                                                                       ('Yorick', 'Delwyn'),
                                                                       ('Yorick', 'Umber'),
                                                                       ('Yorick', 'Helena');



-- População da tabela Live (necessário para Evento)
INSERT INTO Live (url, criador_username, titulo, dataHora, tipo, descricao, capa, viewers, is_live) VALUES
                                                                                                        ('https://evento.com/1', 'Vesper', 'Live Session Jazz', '2025-07-19 00:25:29.787876', 'concert', 'A Jazz live show with Vesper.', 'uploads/fotos/live_event_1.jpg', 61, FALSE),
                                                                                                        ('https://evento.com/2', 'Caron', 'Live Session Rock', '2025-07-14 00:25:29.787918', 'concert', 'A Rock live show with Caron.', 'uploads/fotos/live_event_2.jpg', 45, FALSE);

-- População da tabela Evento
INSERT INTO Evento (url, criador_username, genero, dataHoraInicio, dataHoraFim, descricao) VALUES
                                                                                               ('https://evento.com/1', 'Vesper', 'Jazz', '2025-07-17 00:20:47.392294', '2025-07-17 02:20:47.392294', 'A great live music experience.'),
                                                                                               ('https://evento.com/2', 'Caron', 'Rock', '2025-07-18 00:20:47.392499', '2025-07-18 02:20:47.392499', 'A great live music experience.');

-- População da tabela Evento_Utilizador
INSERT INTO Evento_Utilizador (url, criador_username, username, joined_at) VALUES
                                                                               ('https://evento.com/1', 'Vesper', 'Nerys', NOW()),
                                                                               ('https://evento.com/1', 'Vesper', 'Caron', NOW()),
                                                                               ('https://evento.com/1', 'Vesper', 'Finnian', NOW()),
                                                                               ('https://evento.com/1', 'Vesper', 'Perin', NOW()),
                                                                               ('https://evento.com/1', 'Vesper', 'Torin', NOW()),
                                                                               ('https://evento.com/1', 'Vesper', 'Rowan', NOW()),
                                                                               ('https://evento.com/1', 'Vesper', 'Ysolde', NOW()),
                                                                               ('https://evento.com/1', 'Vesper', 'Wren', NOW()),
                                                                               ('https://evento.com/2', 'Caron', 'Kieran', NOW()),
                                                                               ('https://evento.com/2', 'Caron', 'Seraphine', NOW()),
                                                                               ('https://evento.com/2', 'Caron', 'Xavian', NOW()),
                                                                               ('https://evento.com/2', 'Caron', 'Mirek', NOW()),
                                                                               ('https://evento.com/2', 'Caron', 'Nyssa', NOW()),
                                                                               ('https://evento.com/2', 'Caron', 'Winry', NOW()),
                                                                               ('https://evento.com/2', 'Caron', 'Aveline', NOW()),
                                                                               ('https://evento.com/2', 'Caron', 'Blake', NOW());

-- População da tabela Evento_Sugestao
INSERT INTO Evento_Sugestao (id_sugestao, url, criador_username, autor_username, musica_id, comentario, timestamp) VALUES
                                                                                                                       (1, 'https://evento.com/1', 'Vesper', 'Torin', 336, 'Lets play this one!', '2025-07-19 22:29:47.392367'),
                                                                                                                       (2, 'https://evento.com/1', 'Vesper', 'Torin', 282, 'Lets play this one!', '2025-07-19 21:50:47.392412'),
                                                                                                                       (3, 'https://evento.com/1', 'Vesper', 'Nerys', 178, 'Lets play this one!', '2025-07-19 23:26:47.392448'),
                                                                                                                       (4, 'https://evento.com/2', 'Caron', 'Seraphine', 19, 'Lets play this one!', '2025-07-19 21:49:47.392531'),
                                                                                                                       (5, 'https://evento.com/2', 'Caron', 'Winry', 270, 'Lets play this one!', '2025-07-19 22:55:47.392565'),
                                                                                                                       (6, 'https://evento.com/2', 'Caron', 'Seraphine', 268, 'Lets play this one!', '2025-07-19 21:30:47.392624');

-- População da tabela Evento_Voto
INSERT INTO Evento_Voto (id_sugestao, username, voto, timestamp) VALUES
                                                                     (1, 'Perin', TRUE, '2025-07-19 21:43:47.392387'),
                                                                     (1, 'Nerys', TRUE, '2025-07-19 22:12:47.392395'),
                                                                     (1, 'Rowan', FALSE, '2025-07-19 22:01:47.392403'),
                                                                     (2, 'Finnian', TRUE, '2025-07-19 22:39:47.392425'),
                                                                     (2, 'Wren', TRUE, '2025-07-19 21:23:47.392432'),
                                                                     (2, 'Perin', FALSE, '2025-07-19 21:33:47.392440'),
                                                                     (3, 'Ysolde', FALSE, '2025-07-20 00:15:47.392462'),
                                                                     (3, 'Finnian', TRUE, '2025-07-19 23:56:47.392469'),
                                                                     (3, 'Rowan', TRUE, '2025-07-20 00:00:47.392476'),
                                                                     (3, 'Torin', TRUE, '2025-07-19 23:30:47.392484'),
                                                                     (3, 'Perin', FALSE, '2025-07-19 23:29:47.392491'),
                                                                     (4, 'Blake', TRUE, '2025-07-19 21:23:47.392547'),
                                                                     (4, 'Aveline', TRUE, '2025-07-19 22:12:47.392556'),
                                                                     (5, 'Nyssa', TRUE, '2025-07-20 00:08:47.392580'),
                                                                     (5, 'Aveline', FALSE, '2025-07-20 00:01:47.392587'),
                                                                     (5, 'Winry', TRUE, '2025-07-19 23:09:47.392594'),
                                                                     (5, 'Mirek', TRUE, '2025-07-19 22:20:47.392601'),
                                                                     (5, 'Blake', TRUE, '2025-07-19 23:47:47.392608'),
                                                                     (5, 'Seraphine', TRUE, '2025-07-19 22:43:47.392616'),
                                                                     (6, 'Blake', FALSE, '2025-07-19 22:35:47.392638'),
                                                                     (6, 'Mirek', FALSE, '2025-07-19 21:59:47.392645'),
                                                                     (6, 'Winry', TRUE, '2025-07-19 22:09:47.392652'),
                                                                     (6, 'Kieran', FALSE, '2025-07-19 23:46:47.392659');



/*
-- 24. Live_Aderir
INSERT INTO Live_Aderir (username, live_url, live_criador_username) VALUES
('ana','live2.com','joao'),
('maria','live1.com','ana'),
('david','live3.com','maria');

-- 25. Reporte_Comentario
INSERT INTO Reporte_Comentario (reporter_username, idcomentario, motivo) VALUES
('ana',2,'spam'), ('joao',3,'linguagem inadequada');

-- 26. Reage_Live
INSERT INTO Reage_Live (username, live_url, live_criador_username, valor, mensagem) VALUES
('ana','live1.com','ana',5.00,'Grande live!'),
('joao','live2.com','joao',2.00,'Boas vibes!');
*/


COMMIT;
