BEGIN TRANSACTION;

SELECT * FROM Musica;
-- Inserir 20 utilizadores
INSERT INTO Utilizador (username, premium, email, password, foto) VALUES ('joao', false, 'joao@example.com', 'senhajoao', 'images/joao.jpg'), ('maria', true, 'maria@example.com', 'senhamaria', 'images/maria.jpg'), ('carlos', false, 'carlos@example.com', 'senhacarlos', NULL), ('ana', true, 'ana@example.com', 'senhaana', 'images/ana.jpg'), ('pedro', false, 'pedro@example.com', 'senhapedro', NULL), ('sofia', true, 'sofia@example.com', 'senhasofia', 'images/sofia.jpg'), ('ricardo', false, 'ricardo@example.com', 'senharicardo', 'images/ricardo.jpg'), ('beatriz', true, 'beatriz@example.com', 'senhabeatriz', NULL), ('lucas', false, 'lucas@example.com', 'senhalucas', 'images/lucas.jpg'), ('fernanda',true, 'fernanda@example.com','senh_fernanda','images/fernanda.jpg'), ('tiago', false, 'tiago@example.com', 'senhatiago', NULL), ('marta', true, 'marta@example.com', 'senhamarta', 'images/marta.jpg'), ('bruno', false, 'bruno@example.com', 'senhabruno', NULL), ('carla', true, 'carla@example.com', 'senhacarla', 'images/carla.jpg'), ('antonio', false, 'antonio@example.com', 'senhaantonio', 'images/antonio.jpg'), ('patricia',true, 'patricia@example.com','senhapatricia',NULL), ('eduardo', false, 'eduardo@example.com', 'senhaeduardo', 'images/eduardo.jpg'), ('camila', true, 'camila@example.com', 'senhacamila', 'images/camila.jpg'), ('guilherme',false, 'guilherme@example.com','senhaguilherme',NULL), ('inês', true, 'ines@example.com', 'senhaines', 'images/ines.jpg');

-- Inserir 15 categorias
INSERT INTO Categoria (nome_categoria) VALUES ('Rock'), ('Pop'), ('Jazz'), ('Hip-Hop'), ('Classical'), ('Electronic'), ('Indie'), ('Country'), ('Reggae'), ('Blues'), ('Metal'), ('Folk'), ('R&B'), ('Latin'), ('Soul');

-- Inserir 15 músicas
INSERT INTO Musica (features, titulo, username, dataPublicacao, tipoFicheiro, pathFicheiro, video, foto, visualizacoes) VALUES ('original', 'Vibe da Vida', 'joao', '2023-01-15', 'mp3', 'songs/vibe_da_vida.mp3', 'videos/vibe_da_vida.mp4', 'images/vibe.jpg', 1500), ('cover', 'Noite Estrelada', 'maria', '2023-02-20', 'mp3', 'songs/noite_estrelada.mp3', NULL, 'images/noite.jpg',2000), ('remix', 'Ritmo Urbano', 'carlos', '2023-03-05', 'wav', 'songs/ritmo_urbano.wav', NULL, NULL, 3500), ('original', 'Sons do Silêncio', 'ana', '2023-04-10', 'flac', 'songs/sons_silencio.flac', 'videos/sons_silencio.mp4', NULL, 5000), ('cover', 'Maré Alta', 'pedro', '2023-05-22', 'mp3', 'songs/mare_alta.mp3', NULL, 'images/mare.jpg', 1200), ('original', 'Eco da Floresta', 'sofia', '2023-06-18', 'mp3', 'songs/eco_floresta.mp3', NULL, 'images/eco.jpg', 2300), ('remix', 'Caminho das Pedras', 'ricardo', '2023-07-04', 'wav', 'songs/caminho_pedras.wav', 'videos/caminho.mp4', 'images/caminho.jpg', 1800), ('original', 'Sombra e Luz', 'beatriz', '2023-08-16', 'mp3', 'songs/sombra_luz.mp3', NULL, 'images/sombra.jpg',2700), ('cover', 'Horizonte Infinito', 'lucas', '2023-09-09', 'flac', 'songs/horizonte_infinito.flac','videos/horizonte.mp4', NULL, 3200), ('original', 'Ritmo do Coração', 'fernanda', '2023-10-01', 'mp3', 'songs/ritmo_coracao.mp3', NULL, 'images/coracao.jpg',4100), ('remix', 'Melodia das Estrelas','tiago', '2023-11-15', 'mp3', 'songs/melodia_estrelas.mp3', NULL, 'images/estrelas.jpg',3800), ('original', 'Sons da Cidade', 'marta', '2023-12-12', 'flac', 'songs/sons_cidade.flac', NULL, 'images/cidade.jpg',2200), ('cover', 'Vento e Mar', 'bruno', '2023-03-30', 'mp3', 'songs/vento_mar.mp3', 'videos/vento_mar.mp4', 'images/vento.jpg', 2600), ('remix', 'Luz da Lua', 'carla', '2023-02-14', 'wav', 'songs/luz_lua.wav', NULL, NULL, 1900), ('original', 'Caminho do Sol', 'antonio', '2023-07-20', 'mp3', 'songs/caminho_sol.mp3', 'videos/caminho_sol.mp4','images/sol.jpg', 3000);

-- Inserir 15 playlists
INSERT INTO Playlist (nome, username, dataCriacao, privacidade, onlyPremium, foto) VALUES ('AutoFavs', 'joao', '2023-10-05', 'publico', false, 'images/playlist_joao.jpg'), ('Chill Vibes', 'maria', '2023-09-20', 'publico', true, 'images/playlist_maria.jpg'), ('Workout Mix', 'carlos', '2023-08-15', 'publico', false, 'images/playlist_carlos.jpg'), ('Hits 2023', 'ana', '2023-07-30', 'publico', true, 'images/playlist_ana.jpg'), ('Relaxing Sounds', 'pedro', '2023-06-10', 'privado', false, NULL), ('Evening Jazz', 'sofia', '2023-05-05', 'publico', true, 'images/playlist_sofia.jpg'), ('Road Trip', 'ricardo', '2023-04-22', 'publico', false, 'images/playlist_ricardo.jpg'), ('Party Time', 'beatriz', '2023-03-18', 'publico', true, 'images/playlist_beatriz.jpg'), ('Morning Boost', 'lucas', '2023-02-10', 'privado', false, NULL), ('Acoustic Sessions','fernanda', '2023-01-25', 'publico', true, 'images/playlist_fernanda.jpg'), ('Study Mix', 'tiago', '2023-12-05', 'privado', false, 'images/playlist_tiago.jpg'), ('Top Charts', 'marta', '2023-11-11', 'publico', true, 'images/playlist_marta.jpg'), ('Roadrunner', 'bruno', '2023-10-20', 'publico', false, 'images/playlist_bruno.jpg'), ('Soulful Beats', 'carla', '2023-09-30', 'privado', true, 'images/playlist_carla.jpg'), ('Vintage Classics', 'antonio', '2023-08-08', 'publico', false, 'images/playlist_antonio.jpg');

-- Inserir 15 notificações
INSERT INTO Notificacao (dataNotificacao, descricao) VALUES ('2023-10-10', 'Novo lançamento: Vibe da Vida'), ('2023-10-12', 'Live iniciada por maria'), ('2023-10-13', 'Novo comentário em Sons do Silêncio'), ('2023-10-14', 'Atualização da playlist Top Charts'), ('2023-10-15', 'Doação recebida para Ritmo do Coração'), ('2023-10-16', 'Novo seguidor: inês'), ('2023-10-17', 'Nova live: Concerto ao Vivo'), ('2023-10-18', 'Música Trending na semana'), ('2023-10-19', 'Reação à live: Aplausos'), ('2023-10-20', 'Playlist Soulful Beats atualizada'), ('2023-10-21', 'Nova doação para Eco da Floresta'), ('2023-10-22', 'Evento de lançamento: Luz da Lua'), ('2023-10-23', 'Comentário destacado em Maré Alta'), ('2023-10-24', 'Novo like em Vento e Mar'), ('2023-10-25', 'Destaque da semana: Sons da Cidade');

-- Inserir 15 lives (apenas usuários premium criam lives)
INSERT INTO Live (url, criador_username, titulo, dataHora) VALUES ('live/001', 'maria', 'Concerto ao Vivo - Pop Hits', '2023-10-01 20:00:00'), ('live/002', 'ana', 'Live Intimista', '2023-10-02 19:30:00'), ('live/003', 'sofia', 'Noite de Jazz', '2023-10-03 21:00:00'), ('live/004', 'beatriz', 'Acústico ao Vivo', '2023-10-04 18:45:00'), ('live/005', 'fernanda', 'Show Exclusivo', '2023-10-05 20:15:00'), ('live/006', 'marta', 'Sessão de Estudo', '2023-10-06 17:00:00'), ('live/007', 'carla', 'Conversa Musical', '2023-10-07 20:30:00'), ('live/008', 'patricia', 'Live de Covers', '2023-10-08 19:00:00'), ('live/009', 'camila', 'Mix Eletrônico', '2023-10-09 22:00:00'), ('live/010', 'inês', 'Performance Solo', '2023-10-10 20:00:00'), ('live/011', 'maria', 'Acústico na Varanda', '2023-10-11 18:00:00'), ('live/012', 'ana', 'Noite de Blues', '2023-10-12 21:30:00'), ('live/013', 'sofia', 'Pop Hits Live', '2023-10-13 20:45:00'), ('live/014', 'beatriz', 'Rock e Roll ao Vivo', '2023-10-14 20:15:00'), ('live/015', 'fernanda', 'Sessão Intimista', '2023-10-15 19:50:00');

-- Inserir 15 comentários (alguns com resposta utilizando parentId)
INSERT INTO Comentario (comentario_timestamp, autor_username, musica_username, features, titulo, conteudo, tempoNaMusica, parentId) VALUES ('2023-10-11 10:00:00', 'maria', 'joao', 'original', 'Vibe da Vida', 'Adorei essa música!', '00:01:30', NULL), ('2023-10-11 10:05:00', 'carlos', 'joao', 'original', 'Vibe da Vida', 'Concordo, ficou ótima!', '00:01:35', 1), ('2023-10-12 11:00:00', 'ana', 'maria', 'cover', 'Noite Estrelada', 'A voz é incrível!', '00:02:00', NULL), ('2023-10-13 12:30:00', 'pedro', 'carlos', 'remix', 'Ritmo Urbano', 'Bateria ótima!', '00:03:15', NULL), ('2023-10-14 14:00:00', 'sofia', 'ana', 'original', 'Sons do Silêncio', 'Que lindo sentimento!', '00:04:00', NULL), ('2023-10-15 15:30:00', 'ricardo', 'pedro', 'cover', 'Maré Alta', 'Melodia suave e relaxante.', '00:01:45', NULL), ('2023-10-16 16:00:00', 'beatriz', 'sofia', 'original', 'Eco da Floresta', 'Impressionante qualidade sonora!','00:02:30', NULL), ('2023-10-17 17:15:00', 'lucas', 'ricardo', 'remix', 'Caminho das Pedras', 'Esse remix surpreende.', '00:03:00', NULL), ('2023-10-18 18:30:00', 'fernanda','beatriz', 'original', 'Sombra e Luz', 'Textura musical interessante.', '00:04:20', NULL), ('2023-10-19 19:45:00', 'tiago', 'lucas', 'cover', 'Horizonte Infinito', 'Cenas de tirar o fôlego.', '00:02:10', NULL), ('2023-10-20 20:00:00', 'marta', 'fernanda','original', 'Ritmo do Coração', 'A batida contagia!', '00:03:30', NULL), ('2023-10-21 21:00:00', 'bruno', 'tiago', 'remix', 'Melodia das Estrelas', 'Excelente uso dos samples.', '00:01:50', NULL), ('2023-10-22 22:15:00', 'carla', 'marta', 'original', 'Sons da Cidade', 'Essa música reflete a urbanidade.','00:02:40', NULL), ('2023-10-23 23:30:00', 'antonio', 'bruno', 'cover', 'Vento e Mar', 'Melhor cover que já ouvi.', '00:03:05', NULL), ('2023-10-24 08:45:00', 'patricia','carla', 'remix', 'Luz da Lua', 'Resposta a: Muito boa a vibe!', '00:02:55', NULL);

-- Inserir 15 doações
INSERT INTO Doacao (doador_username, musica_username, features, titulo, valor, data) VALUES ('tiago', 'ana', 'original', 'Sons do Silêncio', 10.00, '2023-10-11'), ('bruno', 'fernanda', 'original', 'Ritmo do Coração', 20.00, '2023-10-12'), ('lucas', 'joao', 'original', 'Vibe da Vida', 5.00, '2023-10-13'), ('carlos', 'maria', 'cover', 'Noite Estrelada', 15.50, '2023-10-14'), ('pedro', 'carlos', 'remix', 'Ritmo Urbano', 8.75, '2023-10-15'), ('ricardo', 'pedro', 'cover', 'Maré Alta', 12.00, '2023-10-16'), ('beatriz', 'sofia', 'original', 'Eco da Floresta', 10.00, '2023-10-17'), ('ana', 'ricardo', 'remix', 'Caminho das Pedras', 7.25, '2023-10-18'), ('maria', 'beatriz', 'original', 'Sombra e Luz', 9.99, '2023-10-19'), ('sofia', 'lucas', 'cover', 'Horizonte Infinito', 5.50, '2023-10-20'), ('fernanda', 'tiago', 'remix', 'Melodia das Estrelas', 11.00, '2023-10-21'), ('tiago', 'marta', 'original', 'Sons da Cidade', 13.75, '2023-10-22'), ('marta', 'bruno', 'cover', 'Vento e Mar', 6.00, '2023-10-23'), ('bruno', 'carla', 'remix', 'Luz da Lua', 14.20, '2023-10-24'), ('carla', 'antonio', 'original', 'Caminho do Sol', 20.00, '2023-10-25');

-- Inserir 15 likes em playlists
INSERT INTO Like_Playlist (username, playlist_nome, playlist_username, like_timestamp) VALUES ('joao', 'Chill Vibes', 'maria', '2023-10-05 12:00:00'), ('carlos', 'AutoFavs', 'joao', '2023-10-06 13:00:00'), ('pedro', 'Workout Mix', 'carlos', '2023-10-07 14:00:00'), ('ricardo', 'Hits 2023', 'ana', '2023-10-08 15:00:00'), ('beatriz', 'Relaxing Sounds','pedro', '2023-10-09 16:00:00'), ('lucas', 'Evening Jazz', 'sofia', '2023-10-10 17:00:00'), ('fernanda', 'Road Trip', 'ricardo', '2023-10-11 18:00:00'), ('tiago', 'Party Time', 'beatriz', '2023-10-12 19:00:00'), ('marta', 'Morning Boost', 'lucas', '2023-10-13 20:00:00'), ('bruno', 'Acoustic Sessions','fernanda','2023-10-14 21:00:00'), ('carla', 'Study Mix', 'tiago', '2023-10-15 22:00:00'), ('antonio', 'Top Charts', 'marta', '2023-10-16 23:00:00'), ('patricia', 'Roadrunner', 'bruno', '2023-10-17 12:30:00'), ('eduardo', 'Soulful Beats', 'carla', '2023-10-18 13:30:00'), ('camila', 'Vintage Classics','antonio', '2023-10-19 14:30:00');

-- Inserir 15 likes em músicas
INSERT INTO Like_Musica (username, features, titulo, musica_username, like_timestamp) VALUES ('joao', 'original', 'Vibe da Vida', 'joao', '2023-10-05 10:00:00'), ('maria', 'cover', 'Noite Estrelada', 'maria', '2023-10-06 11:00:00'), ('carlos', 'remix', 'Ritmo Urbano', 'carlos', '2023-10-07 12:00:00'), ('ana', 'original', 'Sons do Silêncio', 'ana', '2023-10-08 13:00:00'), ('pedro', 'cover', 'Maré Alta', 'pedro', '2023-10-09 14:00:00'), ('sofia', 'original', 'Eco da Floresta', 'sofia', '2023-10-10 15:00:00'), ('ricardo', 'remix', 'Caminho das Pedras', 'ricardo', '2023-10-11 16:00:00'), ('beatriz', 'original', 'Sombra e Luz', 'beatriz', '2023-10-12 17:00:00'), ('lucas', 'cover', 'Horizonte Infinito', 'lucas', '2023-10-13 18:00:00'), ('fernanda', 'original', 'Ritmo do Coração', 'fernanda', '2023-10-14 19:00:00'), ('tiago', 'remix', 'Melodia das Estrelas', 'tiago', '2023-10-15 20:00:00'), ('marta', 'original', 'Sons da Cidade', 'marta', '2023-10-16 21:00:00'), ('bruno', 'cover', 'Vento e Mar', 'bruno', '2023-10-17 22:00:00'), ('carla', 'remix', 'Luz da Lua', 'carla', '2023-10-18 23:00:00'), ('antonio', 'original', 'Caminho do Sol', 'antonio', '2023-10-19 09:00:00');

-- Inserir 15 relações de seguir entre utilizadores
INSERT INTO Segue_Utilizador (seguidor_username, seguido_username) VALUES ('joao', 'maria'), ('joao', 'carlos'), ('maria', 'ana'), ('carlos', 'pedro'), ('ana', 'sofia'), ('pedro', 'ricardo'), ('sofia', 'beatriz'), ('ricardo', 'lucas'), ('beatriz', 'fernanda'), ('lucas', 'tiago'), ('fernanda', 'marta'), ('tiago', 'bruno'), ('marta', 'carla'), ('bruno', 'antonio'), ('carla', 'patricia');

-- Inserir 15 adesões a lives
INSERT INTO Live_Aderir (username, live_url, live_criador_username) VALUES ('joao', 'live/001', 'maria'), ('carlos', 'live/002', 'ana'), ('pedro', 'live/003', 'sofia'), ('ricardo', 'live/004', 'beatriz'), ('beatriz', 'live/005', 'fernanda'), ('lucas', 'live/006', 'marta'), ('fernanda', 'live/007', 'carla'), ('tiago', 'live/008', 'patricia'), ('marta', 'live/009', 'camila'), ('bruno', 'live/010', 'inês'), ('carla', 'live/011', 'maria'), ('antonio', 'live/012', 'ana'), ('patricia', 'live/013', 'sofia'), ('eduardo', 'live/014', 'beatriz'), ('camila', 'live/015', 'fernanda');

-- Inserir 15 relações entre utilizadores e notificações
INSERT INTO Utilizador_Notificacao (username, id_notificacao) VALUES ('joao', 1), ('maria', 2), ('carlos', 3), ('ana', 4), ('pedro', 5), ('sofia', 6), ('ricardo', 7), ('beatriz', 8), ('lucas', 9), ('fernanda', 10), ('tiago', 11), ('marta', 12), ('bruno', 13), ('carla', 14), ('antonio', 15);

-- Inserir 15 músicas em playlists
INSERT INTO Playlist_Musica (playlist_nome, playlist_username, features, titulo, musica_username) VALUES ('Chill Vibes', 'maria', 'original', 'Vibe da Vida', 'joao'), ('Workout Mix', 'carlos', 'cover', 'Noite Estrelada', 'maria'), ('Hits 2023', 'ana', 'remix', 'Ritmo Urbano', 'carlos'), ('Relaxing Sounds','pedro', 'original', 'Sons do Silêncio', 'ana'), ('Evening Jazz', 'sofia', 'cover', 'Maré Alta', 'pedro'), ('Road Trip', 'ricardo', 'original', 'Eco da Floresta', 'sofia'), ('Party Time', 'beatriz', 'remix', 'Caminho das Pedras', 'ricardo'), ('Morning Boost', 'lucas', 'original', 'Sombra e Luz', 'beatriz'), ('Acoustic Sessions','fernanda','cover', 'Horizonte Infinito', 'lucas'), ('Study Mix', 'tiago', 'original', 'Ritmo do Coração', 'fernanda'), ('Top Charts', 'marta', 'remix', 'Melodia das Estrelas','tiago'), ('Roadrunner', 'bruno', 'original', 'Sons da Cidade', 'marta'), ('Soulful Beats', 'carla', 'cover', 'Vento e Mar', 'bruno'), ('Vintage Classics','antonio', 'remix', 'Luz da Lua', 'carla'), ('AutoFavs', 'joao', 'original', 'Caminho do Sol', 'antonio');

-- Inserir 15 categorias associadas a playlists
INSERT INTO Playlist_Categoria (playlist_nome, playlist_username, nome_categoria) VALUES ('Chill Vibes', 'maria', 'Pop'), ('Workout Mix', 'carlos', 'Rock'), ('Hits 2023', 'ana', 'Electronic'), ('Relaxing Sounds','pedro', 'Jazz'), ('Evening Jazz', 'sofia', 'Jazz'), ('Road Trip', 'ricardo', 'Country'), ('Party Time', 'beatriz', 'Hip-Hop'), ('Morning Boost', 'lucas', 'Indie'), ('Acoustic Sessions','fernanda','Folk'), ('Study Mix', 'tiago', 'Classical'), ('Top Charts', 'marta', 'Electronic'), ('Roadrunner', 'bruno', 'Rock'), ('Soulful Beats', 'carla', 'R&B'), ('Vintage Classics','antonio', 'Classical'), ('AutoFavs', 'joao', 'Pop');

-- Inserir 15 categorias associadas a músicas
INSERT INTO Musica_Categoria (features, titulo, musica_username, nome_categoria) VALUES ('original', 'Vibe da Vida', 'joao', 'Pop'), ('cover', 'Noite Estrelada', 'maria', 'Rock'), ('remix', 'Ritmo Urbano', 'carlos', 'Electronic'), ('original', 'Sons do Silêncio', 'ana', 'Classical'), ('cover', 'Maré Alta', 'pedro', 'Blues'), ('original', 'Eco da Floresta', 'sofia', 'Indie'), ('remix', 'Caminho das Pedras', 'ricardo', 'Rock'), ('original', 'Sombra e Luz', 'beatriz', 'Soul'), ('cover', 'Horizonte Infinito', 'lucas', 'Electronic'), ('original', 'Ritmo do Coração', 'fernanda', 'Pop'), ('remix', 'Melodia das Estrelas','tiago', 'Hip-Hop'), ('original', 'Sons da Cidade', 'marta', 'Jazz'), ('cover', 'Vento e Mar', 'bruno', 'Rock'), ('remix', 'Luz da Lua', 'carla', 'Electronic'), ('original', 'Caminho do Sol', 'antonio', 'Latin');

-- Inserir 15 reportes de comentários
INSERT INTO Reporte_Comentario (reporter_username, idcomentario, dataReporte, motivo) VALUES ('joao', 2, '2023-10-25', 'spam'), ('maria', 3, '2023-10-26', 'linguagem inadequada'), ('carlos', 4, '2023-10-27', 'outro'), ('ana', 5, '2023-10-28', 'spam'), ('pedro', 6, '2023-10-29', 'linguagem inadequada'), ('sofia', 7, '2023-10-30', 'outro'), ('ricardo', 8, '2023-10-31', 'spam'), ('beatriz', 9, '2023-11-01', 'linguagem inadequada'), ('lucas', 10, '2023-11-02', 'outro'), ('fernanda', 11, '2023-11-03', 'spam'), ('tiago', 12, '2023-11-04', 'linguagem inadequada'), ('marta', 13, '2023-11-05', 'outro'), ('bruno', 14, '2023-11-06', 'spam'), ('carla', 15, '2023-11-07', 'linguagem inadequada'), ('antonio', 1, '2023-11-08', 'outro');

-- Inserir 15 reações a lives
INSERT INTO Reage_Live (username, live_url, live_criador_username, valor, mensagem, timestamp) VALUES ('joao', 'live/001', 'maria', 5.00, 'Aplausos', '2023-10-01 20:05:00'), ('carlos', 'live/002', 'ana', 10.00, 'Gostei muito', '2023-10-02 19:35:00'), ('pedro', 'live/003', 'sofia', 7.50, 'Incrível!', '2023-10-03 21:05:00'), ('ricardo', 'live/004', 'beatriz', 6.00, 'Bem executado', '2023-10-04 18:50:00'), ('beatriz', 'live/005', 'fernanda', 8.00, NULL, '2023-10-05 20:20:00'), ('lucas', 'live/006', 'marta', 9.50, 'Inspira-me', '2023-10-06 17:05:00'), ('fernanda', 'live/007', 'carla', 4.00, 'Simplesmente genial', '2023-10-07 20:35:00'), ('tiago', 'live/008', 'patricia', 5.50, 'Curtir muito', '2023-10-08 19:05:00'), ('marta', 'live/009', 'camila', 7.00, 'Excelente mix', '2023-10-09 22:05:00'), ('bruno', 'live/010', 'inês', 10.00, 'Sensacional', '2023-10-10 20:05:00'), ('carla', 'live/011', 'maria', 6.50, 'Amei!', '2023-10-11 18:05:00'), ('antonio', 'live/012', 'ana', 8.50, 'Muito bom', '2023-10-12 21:35:00'), ('patricia', 'live/013', 'sofia', 7.20, NULL, '2023-10-13 20:50:00'), ('eduardo', 'live/014', 'beatriz', 5.80, 'Maravilhoso', '2023-10-14 20:20:00'), ('camila', 'live/015', 'fernanda', 9.00, 'Show demais!', '2023-10-15 19:55:00');

COMMIT;
